
-- phpMyAdmin SQL Dump
-- version 3.5.2.2
-- http://www.phpmyadmin.net
--
-- Servidor: localhost
-- Tiempo de generación: 06-10-2016 a las 17:01:05
-- Versión del servidor: 5.1.73
-- Versión de PHP: 5.2.17

SET SQL_MODE="NO_AUTO_VALUE_ON_ZERO";
SET time_zone = "+00:00";


/*!40101 SET @OLD_CHARACTER_SET_CLIENT=@@CHARACTER_SET_CLIENT */;
/*!40101 SET @OLD_CHARACTER_SET_RESULTS=@@CHARACTER_SET_RESULTS */;
/*!40101 SET @OLD_COLLATION_CONNECTION=@@COLLATION_CONNECTION */;
/*!40101 SET NAMES utf8 */;

--
-- Base de datos: `u307413022_mec`
--

-- --------------------------------------------------------

--
-- Estructura de tabla para la tabla `asistencia`
--

CREATE TABLE IF NOT EXISTS `asistencia` (
  `ID_INTEGRANTE` int(11) NOT NULL,
  `FECHA` date NOT NULL,
  `ASISTENCIA` tinyint(1) NOT NULL,
  `COMENTARIO` text,
  `FECHALOG` timestamp NOT NULL DEFAULT CURRENT_TIMESTAMP ON UPDATE CURRENT_TIMESTAMP,
  PRIMARY KEY (`FECHA`,`ID_INTEGRANTE`),
  KEY `ID_INTEGRANTE` (`ID_INTEGRANTE`)
) ENGINE=MyISAM DEFAULT CHARSET=utf8;

--
-- Volcado de datos para la tabla `asistencia`
--

INSERT INTO `asistencia` (`ID_INTEGRANTE`, `FECHA`, `ASISTENCIA`, `COMENTARIO`, `FECHALOG`) VALUES
(50, '2016-06-18', 1, 'Jornada Arq. Juventud', '2016-07-07 05:25:44'),
(1, '2016-06-18', 1, 'Jornada Arq. Juventud', '2016-07-07 05:25:44'),
(2, '2016-06-18', 1, 'Jornada Arq. Juventud', '2016-07-07 05:25:44'),
(3, '2016-06-18', 1, 'Jornada Arq. Juventud', '2016-07-07 05:25:44'),
(46, '2016-06-18', 1, 'Jornada Arq. Juventud', '2016-07-07 05:25:44'),
(4, '2016-06-18', 0, 'Jornada Arq. Juventud', '2016-07-07 05:25:44'),
(5, '2016-06-18', 0, 'Jornada Arq. Juventud', '2016-07-07 05:25:44'),
(6, '2016-06-18', 0, 'Jornada Arq. Juventud', '2016-07-07 05:25:44'),
(53, '2016-06-18', 0, 'Jornada Arq. Juventud', '2016-07-07 05:25:44'),
(54, '2016-06-18', 1, 'Jornada Arq. Juventud', '2016-07-07 05:25:44'),
(52, '2016-06-18', 0, 'Jornada Arq. Juventud', '2016-07-07 05:25:44'),
(8, '2016-06-18', 1, 'Jornada Arq. Juventud', '2016-07-07 05:25:44'),
(9, '2016-06-18', 1, 'Jornada Arq. Juventud', '2016-07-07 05:25:44'),
(11, '2016-06-18', 1, 'Jornada Arq. Juventud', '2016-07-07 05:25:44'),
(12, '2016-06-18', 0, 'Jornada Arq. Juventud', '2016-07-07 05:25:44'),
(13, '2016-06-18', 1, 'Jornada Arq. Juventud', '2016-07-07 05:25:44'),
(14, '2016-06-18', 1, 'Jornada Arq. Juventud', '2016-07-07 05:25:44'),
(15, '2016-06-18', 1, 'Jornada Arq. Juventud', '2016-07-07 05:25:44'),
(45, '2016-06-18', 1, 'Jornada Arq. Juventud', '2016-07-07 05:25:44'),
(18, '2016-06-18', 0, 'Jornada Arq. Juventud', '2016-07-07 05:25:44'),
(20, '2016-06-18', 1, 'Jornada Arq. Juventud', '2016-07-07 05:25:44'),
(21, '2016-06-18', 1, 'Jornada Arq. Juventud', '2016-07-07 05:25:44'),
(47, '2016-06-18', 0, 'Jornada Arq. Juventud', '2016-07-07 05:25:44'),
(22, '2016-06-18', 0, 'Jornada Arq. Juventud', '2016-07-07 05:25:44'),
(59, '2016-06-18', 0, 'Jornada Arq. Juventud', '2016-07-07 05:25:44'),
(24, '2016-06-18', 1, 'Jornada Arq. Juventud', '2016-07-07 05:25:44'),
(48, '2016-06-18', 0, 'Jornada Arq. Juventud', '2016-07-07 05:25:44'),
(53, '2016-09-17', 1, 'La confesión', '2016-09-18 13:53:30'),
(26, '2016-06-18', 0, 'Jornada Arq. Juventud', '2016-07-07 05:25:44'),
(58, '2016-06-18', 1, 'Jornada Arq. Juventud', '2016-07-07 05:25:44'),
(30, '2016-06-18', 1, 'Jornada Arq. Juventud', '2016-07-07 05:25:44'),
(57, '2016-06-18', 0, 'Jornada Arq. Juventud', '2016-07-07 05:25:44'),
(31, '2016-06-18', 1, 'Jornada Arq. Juventud', '2016-07-07 05:25:44'),
(32, '2016-06-18', 0, 'Jornada Arq. Juventud', '2016-07-07 05:25:44'),
(33, '2016-06-18', 0, 'Jornada Arq. Juventud', '2016-07-07 05:25:44'),
(34, '2016-06-18', 1, 'Jornada Arq. Juventud', '2016-07-07 05:25:44'),
(49, '2016-06-18', 1, 'Jornada Arq. Juventud', '2016-07-07 05:25:44'),
(35, '2016-06-18', 1, 'Jornada Arq. Juventud', '2016-07-07 05:25:44'),
(36, '2016-06-18', 1, 'Jornada Arq. Juventud', '2016-07-07 05:25:44'),
(37, '2016-06-18', 1, 'Jornada Arq. Juventud', '2016-07-07 05:25:44'),
(55, '2016-06-18', 1, 'Jornada Arq. Juventud', '2016-07-07 05:25:44'),
(51, '2016-06-18', 1, 'Jornada Arq. Juventud', '2016-07-07 05:25:44'),
(39, '2016-06-18', 1, 'Jornada Arq. Juventud', '2016-07-07 05:25:44'),
(40, '2016-06-18', 1, 'Jornada Arq. Juventud', '2016-07-07 05:25:44'),
(41, '2016-06-18', 0, 'Jornada Arq. Juventud', '2016-07-07 05:25:44'),
(42, '2016-06-18', 0, 'Jornada Arq. Juventud', '2016-07-07 05:25:44'),
(43, '2016-06-18', 0, 'Jornada Arq. Juventud', '2016-07-07 05:25:44'),
(17, '2016-06-18', 0, 'Jornada Arq. Juventud', '2016-07-07 05:25:44'),
(44, '2016-06-18', 0, 'Jornada Arq. Juventud', '2016-07-07 05:25:44'),
(50, '2016-06-25', 1, NULL, '2016-06-26 11:24:10'),
(1, '2016-06-25', 1, NULL, '2016-06-26 11:24:10'),
(2, '2016-06-25', 0, NULL, '2016-06-26 11:24:10'),
(3, '2016-06-25', 1, NULL, '2016-06-26 11:24:10'),
(46, '2016-06-25', 0, NULL, '2016-06-26 11:24:10'),
(4, '2016-06-25', 1, NULL, '2016-06-26 11:24:10'),
(5, '2016-06-25', 1, NULL, '2016-06-26 11:24:10'),
(6, '2016-06-25', 0, NULL, '2016-06-26 11:24:10'),
(53, '2016-06-25', 0, NULL, '2016-06-26 11:24:10'),
(54, '2016-06-25', 1, NULL, '2016-06-26 11:24:10'),
(52, '2016-06-25', 0, NULL, '2016-06-26 11:24:10'),
(8, '2016-06-25', 1, NULL, '2016-06-26 11:24:10'),
(9, '2016-06-25', 1, NULL, '2016-06-26 11:24:10'),
(11, '2016-06-25', 1, NULL, '2016-06-26 11:24:10'),
(12, '2016-06-25', 0, NULL, '2016-06-26 11:24:10'),
(13, '2016-06-25', 1, NULL, '2016-06-26 11:24:10'),
(14, '2016-06-25', 1, NULL, '2016-06-26 11:24:10'),
(15, '2016-06-25', 1, NULL, '2016-06-26 11:24:10'),
(45, '2016-06-25', 1, NULL, '2016-06-26 11:24:10'),
(18, '2016-06-25', 1, NULL, '2016-06-26 11:24:10'),
(20, '2016-06-25', 0, NULL, '2016-06-26 11:24:10'),
(21, '2016-06-25', 0, NULL, '2016-06-26 11:24:10'),
(47, '2016-06-25', 0, NULL, '2016-06-26 11:24:10'),
(22, '2016-06-25', 0, NULL, '2016-06-26 11:24:10'),
(59, '2016-06-25', 0, NULL, '2016-06-26 11:24:10'),
(24, '2016-06-25', 0, NULL, '2016-06-26 11:24:10'),
(48, '2016-06-25', 1, NULL, '2016-06-26 11:24:10'),
(26, '2016-06-25', 0, NULL, '2016-06-26 11:24:10'),
(58, '2016-06-25', 1, NULL, '2016-06-26 11:24:10'),
(30, '2016-06-25', 1, NULL, '2016-06-26 11:24:10'),
(57, '2016-06-25', 1, NULL, '2016-06-26 11:24:10'),
(31, '2016-06-25', 0, NULL, '2016-06-26 11:24:10'),
(32, '2016-06-25', 0, NULL, '2016-06-26 11:24:10'),
(33, '2016-06-25', 0, NULL, '2016-06-26 11:24:10'),
(34, '2016-06-25', 1, NULL, '2016-06-26 11:24:10'),
(49, '2016-06-25', 1, NULL, '2016-06-26 11:24:10'),
(35, '2016-06-25', 1, NULL, '2016-06-26 11:24:10'),
(36, '2016-06-25', 0, NULL, '2016-06-26 11:24:10'),
(37, '2016-06-25', 1, NULL, '2016-06-26 11:24:10'),
(55, '2016-06-25', 0, NULL, '2016-06-26 11:24:10'),
(51, '2016-06-25', 0, NULL, '2016-06-26 11:24:10'),
(39, '2016-06-25', 1, NULL, '2016-06-26 11:24:10'),
(40, '2016-06-25', 0, NULL, '2016-06-26 11:24:10'),
(41, '2016-06-25', 0, NULL, '2016-06-26 11:24:10'),
(42, '2016-06-25', 1, NULL, '2016-06-26 11:24:10'),
(43, '2016-06-25', 0, NULL, '2016-06-26 11:24:10'),
(17, '2016-06-25', 0, NULL, '2016-06-26 11:24:10'),
(44, '2016-06-25', 0, NULL, '2016-06-26 11:24:10'),
(50, '2016-07-02', 1, 'Visita RCC', '2016-07-07 05:14:14'),
(1, '2016-07-02', 1, 'Visita RCC', '2016-07-07 05:14:14'),
(2, '2016-07-02', 1, 'Visita RCC', '2016-07-07 05:14:14'),
(3, '2016-07-02', 1, 'Visita RCC', '2016-07-07 05:14:14'),
(46, '2016-07-02', 1, 'Visita RCC', '2016-07-07 05:14:14'),
(4, '2016-07-02', 1, 'Visita RCC', '2016-07-07 05:14:14'),
(5, '2016-07-02', 1, 'Visita RCC', '2016-07-07 05:14:14'),
(6, '2016-07-02', 0, 'Visita RCC', '2016-07-07 05:14:14'),
(53, '2016-07-02', 0, 'Visita RCC', '2016-07-07 05:14:14'),
(54, '2016-07-02', 1, 'Visita RCC', '2016-07-07 05:14:14'),
(52, '2016-07-02', 0, 'Visita RCC', '2016-07-07 05:14:14'),
(8, '2016-07-02', 0, 'Visita RCC', '2016-07-07 05:14:14'),
(9, '2016-07-02', 0, 'Visita RCC', '2016-07-07 05:14:14'),
(11, '2016-07-02', 1, 'Visita RCC', '2016-07-07 05:14:14'),
(12, '2016-07-02', 0, 'Visita RCC', '2016-07-07 05:14:14'),
(13, '2016-07-02', 1, 'Visita RCC', '2016-07-07 05:14:14'),
(14, '2016-07-02', 1, 'Visita RCC', '2016-07-07 05:14:14'),
(15, '2016-07-02', 1, 'Visita RCC', '2016-07-07 05:14:14'),
(45, '2016-07-02', 1, 'Visita RCC', '2016-07-07 05:14:14'),
(18, '2016-07-02', 1, 'Visita RCC', '2016-07-07 05:14:14'),
(20, '2016-07-02', 0, 'Visita RCC', '2016-07-07 05:14:14'),
(21, '2016-07-02', 1, 'Visita RCC', '2016-07-07 05:14:14'),
(47, '2016-07-02', 1, 'Visita RCC', '2016-07-07 05:14:14'),
(22, '2016-07-02', 1, 'Visita RCC', '2016-07-07 05:14:14'),
(59, '2016-07-02', 1, 'Visita RCC', '2016-07-07 05:14:14'),
(24, '2016-07-02', 1, 'Visita RCC', '2016-07-07 05:14:14'),
(48, '2016-07-02', 0, 'Visita RCC', '2016-07-07 05:14:14'),
(6, '2016-09-17', 1, 'La confesión', '2016-09-18 13:53:30'),
(26, '2016-07-02', 0, 'Visita RCC', '2016-07-07 05:14:14'),
(58, '2016-07-02', 0, 'Visita RCC', '2016-07-07 05:14:14'),
(30, '2016-07-02', 0, 'Visita RCC', '2016-07-07 05:14:14'),
(57, '2016-07-02', 1, 'Visita RCC', '2016-07-07 05:14:14'),
(31, '2016-07-02', 0, 'Visita RCC', '2016-07-07 05:14:14'),
(32, '2016-07-02', 0, 'Visita RCC', '2016-07-07 05:14:14'),
(33, '2016-07-02', 0, 'Visita RCC', '2016-07-07 05:14:14'),
(34, '2016-07-02', 1, 'Visita RCC', '2016-07-07 05:14:14'),
(49, '2016-07-02', 1, 'Visita RCC', '2016-07-07 05:14:14'),
(35, '2016-07-02', 1, 'Visita RCC', '2016-07-07 05:14:14'),
(36, '2016-07-02', 1, 'Visita RCC', '2016-07-07 05:14:14'),
(37, '2016-07-02', 0, 'Visita RCC', '2016-07-07 05:14:14'),
(55, '2016-07-02', 0, 'Visita RCC', '2016-07-07 05:14:14'),
(51, '2016-07-02', 1, 'Visita RCC', '2016-07-07 05:14:14'),
(39, '2016-07-02', 1, 'Visita RCC', '2016-07-07 05:14:14'),
(40, '2016-07-02', 1, 'Visita RCC', '2016-07-07 05:14:14'),
(41, '2016-07-02', 0, 'Visita RCC', '2016-07-07 05:14:14'),
(42, '2016-07-02', 0, 'Visita RCC', '2016-07-07 05:14:14'),
(43, '2016-07-02', 0, 'Visita RCC', '2016-07-07 05:14:14'),
(17, '2016-07-02', 0, 'Visita RCC', '2016-07-07 05:14:14'),
(44, '2016-07-02', 0, 'Visita RCC', '2016-07-07 05:14:14'),
(50, '2016-07-09', 1, 'Noche de gala', '2016-07-11 18:14:08'),
(1, '2016-07-09', 1, 'Noche de gala', '2016-07-11 18:14:08'),
(2, '2016-07-09', 1, 'Noche de gala', '2016-07-11 18:14:08'),
(3, '2016-07-09', 1, 'Noche de gala', '2016-07-11 18:14:08'),
(46, '2016-07-09', 1, 'Noche de gala', '2016-07-11 18:14:08'),
(4, '2016-07-09', 0, 'Noche de gala', '2016-07-11 18:14:08'),
(5, '2016-07-09', 1, 'Noche de gala', '2016-07-11 18:14:08'),
(6, '2016-07-09', 1, 'Noche de gala', '2016-07-11 18:14:08'),
(53, '2016-07-09', 0, 'Noche de gala', '2016-07-11 18:14:08'),
(54, '2016-07-09', 1, 'Noche de gala', '2016-07-11 18:14:08'),
(52, '2016-07-09', 0, 'Noche de gala', '2016-07-11 18:14:08'),
(8, '2016-07-09', 1, 'Noche de gala', '2016-07-11 18:14:08'),
(9, '2016-07-09', 1, 'Noche de gala', '2016-07-11 18:14:08'),
(11, '2016-07-09', 0, 'Noche de gala', '2016-07-11 18:14:08'),
(12, '2016-07-09', 1, 'Noche de gala', '2016-07-11 18:14:08'),
(13, '2016-07-09', 0, 'Noche de gala', '2016-07-11 18:14:08'),
(14, '2016-07-09', 1, 'Noche de gala', '2016-07-11 18:14:08'),
(15, '2016-07-09', 1, 'Noche de gala', '2016-07-11 18:14:08'),
(45, '2016-07-09', 1, 'Noche de gala', '2016-07-11 18:14:08'),
(18, '2016-07-09', 1, 'Noche de gala', '2016-07-11 18:14:08'),
(20, '2016-07-09', 0, 'Noche de gala', '2016-07-11 18:14:08'),
(21, '2016-07-09', 1, 'Noche de gala', '2016-07-11 18:14:08'),
(47, '2016-07-09', 0, 'Noche de gala', '2016-07-11 18:14:08'),
(22, '2016-07-09', 1, 'Noche de gala', '2016-07-11 18:14:08'),
(59, '2016-07-09', 0, 'Noche de gala', '2016-07-11 18:14:08'),
(24, '2016-07-09', 1, 'Noche de gala', '2016-07-11 18:14:08'),
(48, '2016-07-09', 1, 'Noche de gala', '2016-07-11 18:14:08'),
(64, '2016-09-17', 1, 'La confesión', '2016-09-18 13:53:30'),
(26, '2016-07-09', 0, 'Noche de gala', '2016-07-11 18:14:08'),
(58, '2016-07-09', 1, 'Noche de gala', '2016-07-11 18:14:08'),
(30, '2016-07-09', 1, 'Noche de gala', '2016-07-11 18:14:08'),
(57, '2016-07-09', 1, 'Noche de gala', '2016-07-11 18:14:08'),
(31, '2016-07-09', 0, 'Noche de gala', '2016-07-11 18:14:08'),
(32, '2016-07-09', 1, 'Noche de gala', '2016-07-11 18:14:08'),
(33, '2016-07-09', 0, 'Noche de gala', '2016-07-11 18:14:08'),
(34, '2016-07-09', 1, 'Noche de gala', '2016-07-11 18:14:08'),
(49, '2016-07-09', 1, 'Noche de gala', '2016-07-11 18:14:08'),
(35, '2016-07-09', 1, 'Noche de gala', '2016-07-11 18:14:08'),
(36, '2016-07-09', 1, 'Noche de gala', '2016-07-11 18:14:08'),
(37, '2016-07-09', 1, 'Noche de gala', '2016-07-11 18:14:08'),
(55, '2016-07-09', 0, 'Noche de gala', '2016-07-11 18:14:08'),
(51, '2016-07-09', 1, 'Noche de gala', '2016-07-11 18:14:08'),
(39, '2016-07-09', 1, 'Noche de gala', '2016-07-11 18:14:08'),
(40, '2016-07-09', 1, 'Noche de gala', '2016-07-11 18:14:08'),
(41, '2016-07-09', 0, 'Noche de gala', '2016-07-11 18:14:08'),
(42, '2016-07-09', 1, 'Noche de gala', '2016-07-11 18:14:08'),
(43, '2016-07-09', 0, 'Noche de gala', '2016-07-11 18:14:08'),
(17, '2016-07-09', 0, 'Noche de gala', '2016-07-11 18:14:08'),
(44, '2016-07-09', 0, 'Noche de gala', '2016-07-20 23:42:26'),
(50, '2016-07-16', 1, 'Advocaciones ', '2016-07-17 07:48:35'),
(1, '2016-07-16', 1, 'Advocaciones ', '2016-07-17 07:48:35'),
(2, '2016-07-16', 1, 'Advocaciones ', '2016-07-17 07:48:35'),
(3, '2016-07-16', 1, 'Advocaciones ', '2016-07-17 07:48:35'),
(46, '2016-07-16', 1, 'Advocaciones ', '2016-07-17 07:48:35'),
(4, '2016-07-16', 1, 'Advocaciones ', '2016-07-17 07:48:35'),
(5, '2016-07-16', 1, 'Advocaciones ', '2016-07-17 07:48:35'),
(6, '2016-07-16', 1, 'Advocaciones ', '2016-07-17 07:48:35'),
(53, '2016-07-16', 1, 'Advocaciones ', '2016-07-17 07:48:35'),
(54, '2016-07-16', 1, 'Advocaciones ', '2016-07-17 07:48:35'),
(52, '2016-07-16', 0, 'Advocaciones ', '2016-07-17 07:48:35'),
(8, '2016-07-16', 1, 'Advocaciones ', '2016-07-17 07:48:35'),
(9, '2016-07-16', 1, 'Advocaciones ', '2016-07-17 07:48:35'),
(11, '2016-07-16', 1, 'Advocaciones ', '2016-07-17 07:48:35'),
(12, '2016-07-16', 1, 'Advocaciones ', '2016-07-17 07:48:35'),
(13, '2016-07-16', 1, 'Advocaciones ', '2016-07-17 07:48:35'),
(14, '2016-07-16', 1, 'Advocaciones ', '2016-07-17 07:48:35'),
(15, '2016-07-16', 1, 'Advocaciones ', '2016-07-17 07:48:35'),
(45, '2016-07-16', 1, 'Advocaciones ', '2016-07-17 07:48:35'),
(18, '2016-07-16', 0, 'Advocaciones ', '2016-07-17 07:48:35'),
(20, '2016-07-16', 1, 'Advocaciones ', '2016-07-17 07:48:35'),
(21, '2016-07-16', 1, 'Advocaciones ', '2016-07-17 07:48:35'),
(47, '2016-07-16', 1, 'Advocaciones ', '2016-07-17 07:48:35'),
(22, '2016-07-16', 0, 'Advocaciones ', '2016-07-17 07:48:35'),
(59, '2016-07-16', 1, 'Advocaciones ', '2016-07-17 07:48:35'),
(24, '2016-07-16', 0, 'Advocaciones ', '2016-07-17 07:48:35'),
(48, '2016-07-16', 0, 'Advocaciones ', '2016-07-17 07:48:35'),
(26, '2016-07-16', 0, 'Advocaciones ', '2016-07-17 07:48:35'),
(58, '2016-07-16', 1, 'Advocaciones ', '2016-07-17 07:48:35'),
(30, '2016-07-16', 0, 'Advocaciones ', '2016-07-17 07:48:35'),
(57, '2016-07-16', 1, 'Advocaciones ', '2016-07-17 07:48:35'),
(31, '2016-07-16', 1, 'Advocaciones ', '2016-07-17 07:48:35'),
(32, '2016-07-16', 1, 'Advocaciones ', '2016-07-17 07:48:35'),
(33, '2016-07-16', 0, 'Advocaciones ', '2016-07-17 07:48:35'),
(34, '2016-07-16', 1, 'Advocaciones ', '2016-07-17 07:48:35'),
(49, '2016-07-16', 1, 'Advocaciones ', '2016-07-17 07:48:35'),
(35, '2016-07-16', 1, 'Advocaciones ', '2016-07-17 07:48:35'),
(36, '2016-07-16', 1, 'Advocaciones ', '2016-07-17 07:48:35'),
(37, '2016-07-16', 1, 'Advocaciones ', '2016-07-17 07:48:35'),
(55, '2016-07-16', 1, 'Advocaciones ', '2016-07-17 07:48:35'),
(51, '2016-07-16', 0, 'Advocaciones ', '2016-07-17 07:48:35'),
(39, '2016-07-16', 1, 'Advocaciones ', '2016-07-17 07:48:35'),
(40, '2016-07-16', 1, 'Advocaciones ', '2016-07-17 07:48:35'),
(41, '2016-07-16', 0, 'Advocaciones ', '2016-07-17 07:48:35'),
(42, '2016-07-16', 0, 'Advocaciones ', '2016-07-17 07:48:35'),
(43, '2016-07-16', 1, 'Advocaciones ', '2016-07-17 07:48:35'),
(17, '2016-07-16', 1, 'Advocaciones ', '2016-07-17 07:48:35'),
(44, '2016-07-16', 0, 'Advocaciones ', '2016-07-17 07:48:35'),
(50, '2016-07-30', 1, 'Hora santa familiar', '2016-08-01 05:25:00'),
(61, '2016-07-16', 1, 'Advocaciones ', '2016-07-20 22:26:10'),
(60, '2016-07-16', 1, 'Advocaciones ', '2016-07-20 22:26:10'),
(61, '2016-07-09', 0, 'Noche de gala', '2016-07-20 23:42:26'),
(60, '2016-07-09', 0, 'Noche de gala', '2016-07-20 23:42:26'),
(61, '2016-07-02', 0, 'Visita RCC', '2016-07-20 23:43:28'),
(60, '2016-07-02', 0, 'Visita RCC', '2016-07-20 23:43:28'),
(50, '2016-07-23', 1, 'Test grupo', '2016-07-25 20:10:57'),
(1, '2016-07-23', 1, 'Test grupo', '2016-07-25 20:10:32'),
(2, '2016-07-23', 0, 'Test grupo', '2016-07-25 20:10:57'),
(3, '2016-07-23', 1, 'Test grupo', '2016-07-25 20:10:57'),
(46, '2016-07-23', 1, 'Test grupo', '2016-07-25 20:10:57'),
(4, '2016-07-23', 1, 'Test grupo', '2016-07-25 20:10:57'),
(5, '2016-07-23', 1, 'Test grupo', '2016-07-25 20:10:57'),
(6, '2016-07-23', 1, 'Test grupo', '2016-07-25 20:10:57'),
(53, '2016-07-23', 0, 'Test grupo', '2016-07-25 20:10:57'),
(54, '2016-07-23', 1, 'Test grupo', '2016-07-25 20:10:57'),
(52, '2016-07-23', 1, 'Test grupo', '2016-07-25 20:10:57'),
(8, '2016-07-23', 1, 'Test grupo', '2016-07-25 20:10:57'),
(9, '2016-07-23', 1, 'Test grupo', '2016-07-25 20:10:57'),
(11, '2016-07-23', 0, 'Test grupo', '2016-07-25 20:10:57'),
(12, '2016-07-23', 1, 'Test grupo', '2016-07-25 20:10:57'),
(13, '2016-07-23', 1, 'Test grupo', '2016-07-25 20:10:57'),
(14, '2016-07-23', 1, 'Test grupo', '2016-07-25 20:10:57'),
(15, '2016-07-23', 1, 'Test grupo', '2016-07-25 20:10:57'),
(45, '2016-07-23', 1, 'Test grupo', '2016-07-25 20:10:57'),
(18, '2016-07-23', 1, 'Test grupo', '2016-07-25 20:10:57'),
(20, '2016-07-23', 0, 'Test grupo', '2016-07-25 20:10:57'),
(21, '2016-07-23', 0, 'Test grupo', '2016-07-25 20:10:57'),
(47, '2016-07-23', 0, 'Test grupo', '2016-07-25 20:10:57'),
(22, '2016-07-23', 1, 'Test grupo', '2016-07-25 20:10:57'),
(59, '2016-07-23', 0, 'Test grupo', '2016-07-25 20:10:57'),
(24, '2016-07-23', 1, 'Test grupo', '2016-07-25 20:10:57'),
(48, '2016-07-23', 0, 'Test grupo', '2016-07-25 20:10:57'),
(5, '2016-09-17', 1, 'La confesión', '2016-09-18 13:53:30'),
(26, '2016-07-23', 0, 'Test grupo', '2016-07-25 20:10:57'),
(58, '2016-07-23', 1, 'Test grupo', '2016-07-25 20:10:57'),
(61, '2016-07-23', 1, 'Test grupo', '2016-07-25 20:10:57'),
(57, '2016-07-23', 1, 'Test grupo', '2016-07-25 20:10:57'),
(30, '2016-07-23', 0, 'Test grupo', '2016-07-25 20:10:57'),
(31, '2016-07-23', 0, 'Test grupo', '2016-07-25 20:10:57'),
(60, '2016-07-23', 0, 'Test grupo', '2016-07-25 20:10:57'),
(32, '2016-07-23', 1, 'Test grupo', '2016-07-25 20:10:57'),
(33, '2016-07-23', 0, 'Test grupo', '2016-07-25 20:10:57'),
(34, '2016-07-23', 1, 'Test grupo', '2016-07-25 20:10:57'),
(49, '2016-07-23', 1, 'Test grupo', '2016-07-25 20:10:57'),
(35, '2016-07-23', 1, 'Test grupo', '2016-07-25 20:10:57'),
(36, '2016-07-23', 0, 'Test grupo', '2016-07-25 20:10:57'),
(37, '2016-07-23', 0, 'Test grupo', '2016-07-25 20:10:57'),
(55, '2016-07-23', 1, 'Test grupo', '2016-07-25 20:10:57'),
(51, '2016-07-23', 1, 'Test grupo', '2016-07-25 20:10:57'),
(39, '2016-07-23', 1, 'Test grupo', '2016-07-25 20:10:57'),
(40, '2016-07-23', 1, 'Test grupo', '2016-07-25 20:10:57'),
(41, '2016-07-23', 0, 'Test grupo', '2016-07-25 20:10:57'),
(42, '2016-07-23', 0, 'Test grupo', '2016-07-25 20:10:57'),
(43, '2016-07-23', 0, 'Test grupo', '2016-07-25 20:10:57'),
(17, '2016-07-23', 0, 'Test grupo', '2016-07-25 20:10:57'),
(44, '2016-07-23', 0, 'Test grupo', '2016-07-25 20:10:57'),
(62, '2016-07-23', 1, 'Test grupo', '2016-07-25 20:10:57'),
(62, '2016-07-16', 1, 'Advocaciones ', '2016-07-25 20:03:21'),
(1, '2016-07-30', 1, 'Hora santa familiar', '2016-08-01 05:25:00'),
(2, '2016-07-30', 1, 'Hora santa familiar', '2016-08-01 05:25:00'),
(3, '2016-07-30', 1, 'Hora santa familiar', '2016-08-01 05:25:00'),
(46, '2016-07-30', 1, 'Hora santa familiar', '2016-08-01 05:25:00'),
(4, '2016-07-30', 1, 'Hora santa familiar', '2016-08-01 05:25:00'),
(5, '2016-07-30', 1, 'Hora santa familiar', '2016-08-01 05:25:00'),
(6, '2016-07-30', 1, 'Hora santa familiar', '2016-08-01 05:25:00'),
(53, '2016-07-30', 1, 'Hora santa familiar', '2016-08-01 05:25:00'),
(54, '2016-07-30', 1, 'Hora santa familiar', '2016-08-01 05:25:00'),
(52, '2016-07-30', 0, 'Hora santa familiar', '2016-08-01 05:25:00'),
(8, '2016-07-30', 0, 'Hora santa familiar', '2016-08-01 05:25:00'),
(9, '2016-07-30', 1, 'Hora santa familiar', '2016-08-01 05:25:00'),
(11, '2016-07-30', 1, 'Hora santa familiar', '2016-08-01 05:25:00'),
(12, '2016-07-30', 0, 'Hora santa familiar', '2016-08-01 05:25:00'),
(13, '2016-07-30', 0, 'Hora santa familiar', '2016-08-01 05:25:00'),
(14, '2016-07-30', 1, 'Hora santa familiar', '2016-08-01 05:25:00'),
(15, '2016-07-30', 1, 'Hora santa familiar', '2016-08-01 05:25:00'),
(45, '2016-07-30', 0, 'Hora santa familiar', '2016-08-01 05:25:00'),
(18, '2016-07-30', 1, 'Hora santa familiar', '2016-08-01 05:25:00'),
(20, '2016-07-30', 1, 'Hora santa familiar', '2016-08-01 05:25:00'),
(62, '2016-07-30', 1, 'Hora santa familiar', '2016-08-01 05:25:00'),
(21, '2016-07-30', 1, 'Hora santa familiar', '2016-08-01 05:25:00'),
(47, '2016-07-30', 0, 'Hora santa familiar', '2016-08-01 05:25:00'),
(22, '2016-07-30', 0, 'Hora santa familiar', '2016-08-01 05:25:00'),
(59, '2016-07-30', 0, 'Hora santa familiar', '2016-08-01 05:25:00'),
(24, '2016-07-30', 1, 'Hora santa familiar', '2016-08-01 05:25:00'),
(48, '2016-07-30', 1, 'Hora santa familiar', '2016-08-01 05:25:00'),
(4, '2016-09-17', 1, 'La confesión', '2016-09-18 13:53:30'),
(26, '2016-07-30', 0, 'Hora santa familiar', '2016-08-01 05:25:00'),
(58, '2016-07-30', 1, 'Hora santa familiar', '2016-08-01 05:25:00'),
(61, '2016-07-30', 0, 'Hora santa familiar', '2016-08-01 05:25:00'),
(57, '2016-07-30', 1, 'Hora santa familiar', '2016-08-01 05:25:00'),
(30, '2016-07-30', 1, 'Hora santa familiar', '2016-08-01 05:25:00'),
(31, '2016-07-30', 0, 'Hora santa familiar', '2016-08-01 05:25:00'),
(60, '2016-07-30', 0, 'Hora santa familiar', '2016-08-01 05:25:00'),
(32, '2016-07-30', 1, 'Hora santa familiar', '2016-08-01 05:25:00'),
(33, '2016-07-30', 0, 'Hora santa familiar', '2016-08-01 05:25:00'),
(34, '2016-07-30', 1, 'Hora santa familiar', '2016-08-01 05:25:00'),
(49, '2016-07-30', 1, 'Hora santa familiar', '2016-08-01 05:25:00'),
(35, '2016-07-30', 1, 'Hora santa familiar', '2016-08-01 05:25:00'),
(36, '2016-07-30', 0, 'Hora santa familiar', '2016-08-01 05:25:00'),
(37, '2016-07-30', 1, 'Hora santa familiar', '2016-08-01 05:25:00'),
(55, '2016-07-30', 1, 'Hora santa familiar', '2016-08-01 05:25:00'),
(51, '2016-07-30', 1, 'Hora santa familiar', '2016-08-01 05:25:00'),
(39, '2016-07-30', 1, 'Hora santa familiar', '2016-08-01 05:25:00'),
(40, '2016-07-30', 1, 'Hora santa familiar', '2016-08-01 05:25:00'),
(41, '2016-07-30', 1, 'Hora santa familiar', '2016-08-01 05:25:00'),
(42, '2016-07-30', 1, 'Hora santa familiar', '2016-08-01 05:25:00'),
(43, '2016-07-30', 0, 'Hora santa familiar', '2016-08-01 05:25:00'),
(17, '2016-07-30', 0, 'Hora santa familiar', '2016-08-01 05:25:00'),
(44, '2016-07-30', 0, 'Hora santa familiar', '2016-08-01 05:25:00'),
(50, '2016-08-06', 1, 'Pecados Capitales', '2016-08-07 19:19:45'),
(1, '2016-08-06', 1, 'Pecados Capitales', '2016-08-07 19:19:45'),
(2, '2016-08-06', 0, 'Pecados Capitales', '2016-08-07 19:19:45'),
(3, '2016-08-06', 1, 'Pecados Capitales', '2016-08-07 19:19:45'),
(46, '2016-08-06', 0, 'Pecados Capitales', '2016-08-07 19:19:45'),
(4, '2016-08-06', 1, 'Pecados Capitales', '2016-08-07 19:19:45'),
(5, '2016-08-06', 1, 'Pecados Capitales', '2016-08-07 19:19:45'),
(6, '2016-08-06', 1, 'Pecados Capitales', '2016-08-07 19:19:45'),
(53, '2016-08-06', 0, 'Pecados Capitales', '2016-08-07 19:19:45'),
(54, '2016-08-06', 0, 'Pecados Capitales', '2016-08-07 19:19:45'),
(52, '2016-08-06', 1, 'Pecados Capitales', '2016-08-07 19:19:45'),
(8, '2016-08-06', 1, 'Pecados Capitales', '2016-08-07 19:19:45'),
(9, '2016-08-06', 1, 'Pecados Capitales', '2016-08-07 19:19:45'),
(11, '2016-08-06', 1, 'Pecados Capitales', '2016-08-07 19:19:45'),
(12, '2016-08-06', 1, 'Pecados Capitales', '2016-08-07 19:19:45'),
(13, '2016-08-06', 0, 'Pecados Capitales', '2016-08-07 19:19:45'),
(14, '2016-08-06', 1, 'Pecados Capitales', '2016-08-07 19:19:45'),
(15, '2016-08-06', 0, 'Pecados Capitales', '2016-08-07 19:19:45'),
(45, '2016-08-06', 0, 'Pecados Capitales', '2016-08-07 19:19:45'),
(18, '2016-08-06', 1, 'Pecados Capitales', '2016-08-07 19:19:45'),
(20, '2016-08-06', 0, 'Pecados Capitales', '2016-08-07 19:19:45'),
(62, '2016-08-06', 0, 'Pecados Capitales', '2016-08-07 19:19:45'),
(21, '2016-08-06', 0, 'Pecados Capitales', '2016-08-07 19:19:45'),
(47, '2016-08-06', 1, 'Pecados Capitales', '2016-08-07 19:19:45'),
(22, '2016-08-06', 1, 'Pecados Capitales', '2016-08-07 19:19:45'),
(59, '2016-08-06', 1, 'Pecados Capitales', '2016-08-07 19:19:45'),
(24, '2016-08-06', 1, 'Pecados Capitales', '2016-08-07 19:19:45'),
(48, '2016-08-06', 0, 'Pecados Capitales', '2016-08-07 19:19:45'),
(46, '2016-09-17', 1, 'La confesión', '2016-09-18 13:53:30'),
(26, '2016-08-06', 0, 'Pecados Capitales', '2016-08-07 19:19:45'),
(58, '2016-08-06', 1, 'Pecados Capitales', '2016-08-07 19:19:45'),
(61, '2016-08-06', 0, 'Pecados Capitales', '2016-08-07 19:19:45'),
(57, '2016-08-06', 0, 'Pecados Capitales', '2016-08-07 19:19:45'),
(30, '2016-08-06', 0, 'Pecados Capitales', '2016-08-07 19:19:45'),
(31, '2016-08-06', 0, 'Pecados Capitales', '2016-08-07 19:19:45'),
(60, '2016-08-06', 1, 'Pecados Capitales', '2016-08-07 19:19:45'),
(32, '2016-08-06', 1, 'Pecados Capitales', '2016-08-07 19:19:45'),
(33, '2016-08-06', 0, 'Pecados Capitales', '2016-08-07 19:19:45'),
(34, '2016-08-06', 1, 'Pecados Capitales', '2016-08-07 19:19:45'),
(49, '2016-08-06', 1, 'Pecados Capitales', '2016-08-07 19:19:45'),
(35, '2016-08-06', 0, 'Pecados Capitales', '2016-08-07 19:19:45'),
(36, '2016-08-06', 0, 'Pecados Capitales', '2016-08-07 19:19:45'),
(37, '2016-08-06', 0, 'Pecados Capitales', '2016-08-07 19:19:45'),
(55, '2016-08-06', 0, 'Pecados Capitales', '2016-08-07 19:19:45'),
(51, '2016-08-06', 0, 'Pecados Capitales', '2016-08-07 19:19:45'),
(39, '2016-08-06', 1, 'Pecados Capitales', '2016-08-07 19:19:45'),
(40, '2016-08-06', 1, 'Pecados Capitales', '2016-08-07 19:19:45'),
(41, '2016-08-06', 1, 'Pecados Capitales', '2016-08-07 19:19:45'),
(42, '2016-08-06', 1, 'Pecados Capitales', '2016-08-07 19:19:45'),
(43, '2016-08-06', 0, 'Pecados Capitales', '2016-08-07 19:19:45'),
(17, '2016-08-06', 0, 'Pecados Capitales', '2016-08-07 19:19:45'),
(44, '2016-08-06', 0, 'Pecados Capitales', '2016-08-07 19:19:45'),
(63, '2016-07-30', 1, 'Hora santa familiar', '2016-08-09 05:04:03'),
(63, '2016-08-06', 1, 'Pecados Capitales', '2016-08-09 05:04:23'),
(50, '2016-08-13', 1, 'Aseo/visita', '2016-08-14 19:08:06'),
(1, '2016-08-13', 1, 'Aseo/visita', '2016-08-14 19:08:06'),
(2, '2016-08-13', 1, 'Aseo/visita', '2016-08-14 19:08:06'),
(3, '2016-08-13', 0, 'Aseo/visita', '2016-08-14 19:08:06'),
(46, '2016-08-13', 1, 'Aseo/visita', '2016-08-14 19:08:06'),
(4, '2016-08-13', 1, 'Aseo/visita', '2016-08-14 19:08:06'),
(5, '2016-08-13', 0, 'Aseo/visita', '2016-08-14 19:08:06'),
(6, '2016-08-13', 1, 'Aseo/visita', '2016-08-14 19:08:06'),
(53, '2016-08-13', 1, 'Aseo/visita', '2016-08-14 19:08:06'),
(54, '2016-08-13', 1, 'Aseo/visita', '2016-08-14 19:08:06'),
(52, '2016-08-13', 0, 'Aseo/visita', '2016-08-14 19:08:06'),
(8, '2016-08-13', 1, 'Aseo/visita', '2016-08-14 19:08:06'),
(9, '2016-08-13', 1, 'Aseo/visita', '2016-08-14 19:08:06'),
(11, '2016-08-13', 0, 'Aseo/visita', '2016-08-14 19:08:06'),
(12, '2016-08-13', 0, 'Aseo/visita', '2016-08-14 19:08:06'),
(13, '2016-08-13', 1, 'Aseo/visita', '2016-08-14 19:08:06'),
(14, '2016-08-13', 1, 'Aseo/visita', '2016-08-14 19:08:06'),
(15, '2016-08-13', 0, 'Aseo/visita', '2016-08-14 19:08:06'),
(45, '2016-08-13', 1, 'Aseo/visita', '2016-08-14 19:08:06'),
(18, '2016-08-13', 0, 'Aseo/visita', '2016-08-14 19:08:06'),
(20, '2016-08-13', 1, 'Aseo/visita', '2016-08-14 19:08:06'),
(62, '2016-08-13', 1, 'Aseo/visita', '2016-08-14 19:08:06'),
(21, '2016-08-13', 1, 'Aseo/visita', '2016-08-14 19:08:06'),
(47, '2016-08-13', 1, 'Aseo/visita', '2016-08-14 19:08:06'),
(22, '2016-08-13', 1, 'Aseo/visita', '2016-08-14 19:08:06'),
(59, '2016-08-13', 1, 'Aseo/visita', '2016-08-14 19:08:06'),
(24, '2016-08-13', 0, 'Aseo/visita', '2016-08-14 19:08:06'),
(48, '2016-08-13', 0, 'Aseo/visita', '2016-08-14 19:08:06'),
(3, '2016-09-17', 0, 'La confesión', '2016-09-18 13:53:30'),
(26, '2016-08-13', 1, 'Aseo/visita', '2016-08-14 19:08:06'),
(58, '2016-08-13', 0, 'Aseo/visita', '2016-08-14 19:08:06'),
(61, '2016-08-13', 0, 'Aseo/visita', '2016-08-14 19:08:06'),
(57, '2016-08-13', 0, 'Aseo/visita', '2016-08-14 19:08:06'),
(30, '2016-08-13', 1, 'Aseo/visita', '2016-08-14 19:08:06'),
(31, '2016-08-13', 1, 'Aseo/visita', '2016-08-14 19:08:06'),
(60, '2016-08-13', 1, 'Aseo/visita', '2016-08-14 19:08:06'),
(32, '2016-08-13', 1, 'Aseo/visita', '2016-08-14 19:08:06'),
(63, '2016-08-13', 0, 'Aseo/visita', '2016-08-14 19:08:06'),
(33, '2016-08-13', 0, 'Aseo/visita', '2016-08-14 19:08:06'),
(34, '2016-08-13', 1, 'Aseo/visita', '2016-08-14 19:08:06'),
(49, '2016-08-13', 1, 'Aseo/visita', '2016-08-14 19:08:06'),
(35, '2016-08-13', 1, 'Aseo/visita', '2016-08-14 19:08:06'),
(36, '2016-08-13', 1, 'Aseo/visita', '2016-08-14 19:08:06'),
(37, '2016-08-13', 1, 'Aseo/visita', '2016-08-14 19:08:06'),
(55, '2016-08-13', 0, 'Aseo/visita', '2016-08-14 19:08:06'),
(51, '2016-08-13', 0, 'Aseo/visita', '2016-08-14 19:08:06'),
(39, '2016-08-13', 1, 'Aseo/visita', '2016-08-14 19:08:06'),
(40, '2016-08-13', 0, 'Aseo/visita', '2016-08-14 19:08:06'),
(41, '2016-08-13', 0, 'Aseo/visita', '2016-08-14 19:08:06'),
(42, '2016-08-13', 1, 'Aseo/visita', '2016-08-14 19:08:06'),
(43, '2016-08-13', 0, 'Aseo/visita', '2016-08-14 19:08:06'),
(17, '2016-08-13', 0, 'Aseo/visita', '2016-08-14 19:08:06'),
(44, '2016-08-13', 0, 'Aseo/visita', '2016-08-14 19:08:06'),
(50, '2016-08-20', 1, 'Cumpleaños Grupo', '2016-08-27 23:23:58'),
(1, '2016-08-20', 1, 'Cumpleaños Grupo', '2016-08-27 23:23:58'),
(2, '2016-08-20', 1, 'Cumpleaños Grupo', '2016-08-27 23:23:58'),
(3, '2016-08-20', 1, 'Cumpleaños Grupo', '2016-08-27 23:23:58'),
(46, '2016-08-20', 1, 'Cumpleaños Grupo', '2016-08-27 23:23:58'),
(4, '2016-08-20', 1, 'Cumpleaños Grupo', '2016-08-27 23:23:58'),
(5, '2016-08-20', 1, 'Cumpleaños Grupo', '2016-08-27 23:23:58'),
(6, '2016-08-20', 1, 'Cumpleaños Grupo', '2016-08-27 23:23:58'),
(53, '2016-08-20', 0, 'Cumpleaños Grupo', '2016-08-27 23:23:58'),
(54, '2016-08-20', 1, 'Cumpleaños Grupo', '2016-08-27 23:23:58'),
(52, '2016-08-20', 1, 'Cumpleaños Grupo', '2016-08-27 23:23:58'),
(8, '2016-08-20', 1, 'Cumpleaños Grupo', '2016-08-27 23:23:58'),
(9, '2016-08-20', 1, 'Cumpleaños Grupo', '2016-08-27 23:23:58'),
(11, '2016-08-20', 1, 'Cumpleaños Grupo', '2016-08-27 23:23:58'),
(12, '2016-08-20', 1, 'Cumpleaños Grupo', '2016-08-27 23:23:58'),
(13, '2016-08-20', 1, 'Cumpleaños Grupo', '2016-08-27 23:23:58'),
(14, '2016-08-20', 1, 'Cumpleaños Grupo', '2016-08-27 23:23:58'),
(15, '2016-08-20', 1, 'Cumpleaños Grupo', '2016-08-27 23:23:58'),
(45, '2016-08-20', 1, 'Cumpleaños Grupo', '2016-08-27 23:23:58'),
(18, '2016-08-20', 1, 'Cumpleaños Grupo', '2016-08-27 23:23:58'),
(20, '2016-08-20', 1, 'Cumpleaños Grupo', '2016-08-27 23:23:58'),
(62, '2016-08-20', 1, 'Cumpleaños Grupo', '2016-08-27 23:23:58'),
(21, '2016-08-20', 1, 'Cumpleaños Grupo', '2016-08-27 23:23:58'),
(47, '2016-08-20', 1, 'Cumpleaños Grupo', '2016-08-27 23:23:58'),
(22, '2016-08-20', 1, 'Cumpleaños Grupo', '2016-08-27 23:23:58'),
(59, '2016-08-20', 1, 'Cumpleaños Grupo', '2016-08-27 23:23:58'),
(24, '2016-08-20', 1, 'Cumpleaños Grupo', '2016-08-27 23:23:58'),
(48, '2016-08-20', 1, 'Cumpleaños Grupo', '2016-08-27 23:23:58'),
(2, '2016-09-17', 0, 'La confesión', '2016-09-18 13:53:30'),
(26, '2016-08-20', 1, 'Cumpleaños Grupo', '2016-08-27 23:23:58'),
(58, '2016-08-20', 1, 'Cumpleaños Grupo', '2016-08-27 23:23:58'),
(61, '2016-08-20', 0, 'Cumpleaños Grupo', '2016-08-27 23:23:58'),
(57, '2016-08-20', 1, 'Cumpleaños Grupo', '2016-08-27 23:23:58'),
(30, '2016-08-20', 1, 'Cumpleaños Grupo', '2016-08-27 23:23:58'),
(31, '2016-08-20', 1, 'Cumpleaños Grupo', '2016-08-27 23:23:58'),
(60, '2016-08-20', 1, 'Cumpleaños Grupo', '2016-08-27 23:23:58'),
(32, '2016-08-20', 1, 'Cumpleaños Grupo', '2016-08-27 23:23:58'),
(63, '2016-08-20', 0, 'Cumpleaños Grupo', '2016-08-27 23:23:58'),
(33, '2016-08-20', 0, 'Cumpleaños Grupo', '2016-08-27 23:23:58'),
(34, '2016-08-20', 1, 'Cumpleaños Grupo', '2016-08-27 23:23:58'),
(49, '2016-08-20', 1, 'Cumpleaños Grupo', '2016-08-27 23:23:58'),
(35, '2016-08-20', 1, 'Cumpleaños Grupo', '2016-08-27 23:23:58'),
(36, '2016-08-20', 1, 'Cumpleaños Grupo', '2016-08-27 23:23:58'),
(37, '2016-08-20', 1, 'Cumpleaños Grupo', '2016-08-27 23:23:58'),
(55, '2016-08-20', 0, 'Cumpleaños Grupo', '2016-08-27 23:23:58'),
(51, '2016-08-20', 1, 'Cumpleaños Grupo', '2016-08-27 23:23:58'),
(39, '2016-08-20', 1, 'Cumpleaños Grupo', '2016-08-27 23:23:58'),
(40, '2016-08-20', 1, 'Cumpleaños Grupo', '2016-08-27 23:23:58'),
(41, '2016-08-20', 1, 'Cumpleaños Grupo', '2016-08-27 23:23:58'),
(42, '2016-08-20', 0, 'Cumpleaños Grupo', '2016-08-27 23:23:58'),
(43, '2016-08-20', 0, 'Cumpleaños Grupo', '2016-08-27 23:23:58'),
(17, '2016-08-20', 0, 'Cumpleaños Grupo', '2016-08-27 23:23:58'),
(44, '2016-08-20', 0, 'Cumpleaños Grupo', '2016-08-27 23:23:58'),
(50, '2016-08-27', 1, 'Carta', '2016-09-03 17:49:47'),
(1, '2016-08-27', 1, 'Carta', '2016-09-03 17:49:47'),
(2, '2016-08-27', 0, 'Carta', '2016-09-03 17:49:47'),
(3, '2016-08-27', 1, 'Carta', '2016-09-03 17:49:47'),
(46, '2016-08-27', 1, 'Carta', '2016-09-03 17:49:47'),
(4, '2016-08-27', 1, 'Carta', '2016-09-03 17:49:47'),
(5, '2016-08-27', 1, 'Carta', '2016-09-03 17:49:47'),
(64, '2016-08-27', 0, 'Carta', '2016-09-03 17:49:47'),
(6, '2016-08-27', 1, 'Carta', '2016-09-03 17:49:47'),
(53, '2016-08-27', 1, 'Carta', '2016-09-03 17:49:47'),
(54, '2016-08-27', 1, 'Carta', '2016-09-03 17:49:47'),
(52, '2016-08-27', 1, 'Carta', '2016-09-03 17:49:47'),
(8, '2016-08-27', 1, 'Carta', '2016-09-03 17:49:47'),
(9, '2016-08-27', 1, 'Carta', '2016-09-03 17:49:47'),
(11, '2016-08-27', 1, 'Carta', '2016-09-03 17:49:47'),
(12, '2016-08-27', 1, 'Carta', '2016-09-03 17:49:47'),
(13, '2016-08-27', 1, 'Carta', '2016-09-03 17:49:47'),
(14, '2016-08-27', 1, 'Carta', '2016-09-03 17:49:47'),
(15, '2016-08-27', 0, 'Carta', '2016-09-03 17:49:47'),
(45, '2016-08-27', 1, 'Carta', '2016-09-03 17:49:47'),
(18, '2016-08-27', 1, 'Carta', '2016-09-03 17:49:47'),
(20, '2016-08-27', 0, 'Carta', '2016-09-03 17:49:47'),
(62, '2016-08-27', 1, 'Carta', '2016-09-03 17:49:47'),
(21, '2016-08-27', 0, 'Carta', '2016-09-03 17:49:47'),
(47, '2016-08-27', 1, 'Carta', '2016-09-03 17:49:47'),
(22, '2016-08-27', 1, 'Carta', '2016-09-03 17:49:47'),
(59, '2016-08-27', 1, 'Carta', '2016-09-03 17:49:47'),
(24, '2016-08-27', 0, 'Carta', '2016-09-03 17:49:47'),
(48, '2016-08-27', 0, 'Carta', '2016-09-03 17:49:47'),
(26, '2016-08-27', 1, 'Carta', '2016-09-03 17:49:47'),
(58, '2016-08-27', 1, 'Carta', '2016-09-03 17:49:47'),
(61, '2016-08-27', 0, 'Carta', '2016-09-03 17:49:47'),
(57, '2016-08-27', 1, 'Carta', '2016-09-03 17:49:47'),
(30, '2016-08-27', 1, 'Carta', '2016-09-03 17:49:47'),
(31, '2016-08-27', 0, 'Carta', '2016-09-03 17:49:47'),
(60, '2016-08-27', 0, 'Carta', '2016-09-03 17:49:47'),
(32, '2016-08-27', 1, 'Carta', '2016-09-03 17:49:47'),
(63, '2016-08-27', 0, 'Carta', '2016-09-03 17:49:47'),
(33, '2016-08-27', 0, 'Carta', '2016-09-03 17:49:47'),
(34, '2016-08-27', 1, 'Carta', '2016-09-03 17:49:47'),
(49, '2016-08-27', 1, 'Carta', '2016-09-03 17:49:47'),
(35, '2016-08-27', 1, 'Carta', '2016-09-03 17:49:47'),
(36, '2016-08-27', 1, 'Carta', '2016-09-03 17:49:47'),
(37, '2016-08-27', 0, 'Carta', '2016-09-03 17:49:47'),
(55, '2016-08-27', 0, 'Carta', '2016-09-03 17:49:47'),
(51, '2016-08-27', 1, 'Carta', '2016-09-03 17:49:47'),
(39, '2016-08-27', 1, 'Carta', '2016-09-03 17:49:47'),
(40, '2016-08-27', 1, 'Carta', '2016-09-03 17:49:47'),
(41, '2016-08-27', 1, 'Carta', '2016-09-03 17:49:47'),
(42, '2016-08-27', 1, 'Carta', '2016-09-03 17:49:47'),
(43, '2016-08-27', 0, 'Carta', '2016-09-03 17:49:47'),
(17, '2016-08-27', 0, 'Carta', '2016-09-03 17:49:47'),
(44, '2016-08-27', 0, 'Carta', '2016-09-03 17:49:47'),
(50, '2016-09-03', 1, 'Aseo', '2016-09-05 19:48:37'),
(1, '2016-09-03', 1, 'Aseo', '2016-09-05 19:48:37'),
(2, '2016-09-03', 1, 'Aseo', '2016-09-05 19:48:37'),
(3, '2016-09-03', 1, 'Aseo', '2016-09-05 19:48:37'),
(46, '2016-09-03', 1, 'Aseo', '2016-09-05 19:48:37'),
(4, '2016-09-03', 0, 'Aseo', '2016-09-05 19:48:37'),
(5, '2016-09-03', 0, 'Aseo', '2016-09-05 19:48:37'),
(64, '2016-09-03', 0, 'Aseo', '2016-09-05 20:12:54'),
(6, '2016-09-03', 1, 'Aseo', '2016-09-05 19:48:37'),
(53, '2016-09-03', 1, 'Aseo', '2016-09-05 19:48:37'),
(54, '2016-09-03', 1, 'Aseo', '2016-09-05 19:48:37'),
(52, '2016-09-03', 1, 'Aseo', '2016-09-05 19:48:37'),
(8, '2016-09-03', 1, 'Aseo', '2016-09-05 19:48:37'),
(9, '2016-09-03', 1, 'Aseo', '2016-09-05 19:48:37'),
(11, '2016-09-03', 1, 'Aseo', '2016-09-05 19:48:37'),
(12, '2016-09-03', 0, 'Aseo', '2016-09-05 19:48:37'),
(13, '2016-09-03', 1, 'Aseo', '2016-09-05 19:48:37'),
(14, '2016-09-03', 1, 'Aseo', '2016-09-05 19:48:37'),
(15, '2016-09-03', 1, 'Aseo', '2016-09-05 19:48:37'),
(45, '2016-09-03', 1, 'Aseo', '2016-09-05 19:48:37'),
(18, '2016-09-03', 1, 'Aseo', '2016-09-05 19:48:37'),
(20, '2016-09-03', 1, 'Aseo', '2016-09-05 19:48:37'),
(62, '2016-09-03', 1, 'Aseo', '2016-09-05 19:48:37'),
(21, '2016-09-03', 1, 'Aseo', '2016-09-05 19:48:37'),
(47, '2016-09-03', 1, 'Aseo', '2016-09-05 19:48:37'),
(22, '2016-09-03', 1, 'Aseo', '2016-09-05 19:48:37'),
(59, '2016-09-03', 1, 'Aseo', '2016-09-05 19:48:37'),
(24, '2016-09-03', 1, 'Aseo', '2016-09-05 19:48:37'),
(48, '2016-09-03', 0, 'Aseo', '2016-09-05 19:48:37'),
(1, '2016-09-17', 1, 'La confesión', '2016-09-18 13:53:30'),
(26, '2016-09-03', 0, 'Aseo', '2016-09-05 19:48:37'),
(58, '2016-09-03', 1, 'Aseo', '2016-09-05 19:48:37'),
(64, '2016-08-20', 1, 'Cumpleaños Grupo', '2016-09-05 20:10:30'),
(61, '2016-09-03', 1, 'Aseo', '2016-09-05 19:48:37'),
(57, '2016-09-03', 1, 'Aseo', '2016-09-05 19:48:37'),
(30, '2016-09-03', 1, 'Aseo', '2016-09-05 19:48:37'),
(31, '2016-09-03', 0, 'Aseo', '2016-09-05 19:48:37'),
(60, '2016-09-03', 1, 'Aseo', '2016-09-05 19:48:37'),
(32, '2016-09-03', 0, 'Aseo', '2016-09-05 19:48:37'),
(63, '2016-09-03', 0, 'Aseo', '2016-09-05 19:48:37'),
(33, '2016-09-03', 0, 'Aseo', '2016-09-05 19:48:37'),
(34, '2016-09-03', 1, 'Aseo', '2016-09-05 19:48:37'),
(49, '2016-09-03', 1, 'Aseo', '2016-09-05 19:48:37'),
(35, '2016-09-03', 0, 'Aseo', '2016-09-05 19:48:37'),
(36, '2016-09-03', 0, 'Aseo', '2016-09-05 19:48:37'),
(37, '2016-09-03', 0, 'Aseo', '2016-09-05 19:48:37'),
(55, '2016-09-03', 0, 'Aseo', '2016-09-05 19:48:37'),
(51, '2016-09-03', 1, 'Aseo', '2016-09-05 19:48:37'),
(39, '2016-09-03', 0, 'Aseo', '2016-09-05 19:48:37'),
(40, '2016-09-03', 1, 'Aseo', '2016-09-05 19:48:37'),
(41, '2016-09-03', 0, 'Aseo', '2016-09-05 19:48:37'),
(42, '2016-09-03', 1, 'Aseo', '2016-09-05 19:48:37'),
(43, '2016-09-03', 0, 'Aseo', '2016-09-05 19:48:37'),
(17, '2016-09-03', 0, 'Aseo', '2016-09-05 19:48:37'),
(44, '2016-09-03', 0, 'Aseo', '2016-09-05 19:48:37'),
(50, '2016-09-11', 1, 'El Noviazgo', '2016-09-11 17:32:18'),
(1, '2016-09-11', 1, 'El Noviazgo', '2016-09-11 17:32:18'),
(2, '2016-09-11', 1, 'El Noviazgo', '2016-09-11 17:32:18'),
(3, '2016-09-11', 0, 'El Noviazgo', '2016-09-11 17:32:18'),
(46, '2016-09-11', 1, 'El Noviazgo', '2016-09-11 17:32:18'),
(4, '2016-09-11', 0, 'El Noviazgo', '2016-09-11 17:32:18'),
(5, '2016-09-11', 1, 'El Noviazgo', '2016-09-11 17:32:18'),
(64, '2016-09-11', 1, 'El Noviazgo', '2016-09-11 17:32:18'),
(6, '2016-09-11', 1, 'El Noviazgo', '2016-09-11 17:32:18'),
(53, '2016-09-11', 1, 'El Noviazgo', '2016-09-11 17:32:18'),
(54, '2016-09-11', 1, 'El Noviazgo', '2016-09-11 17:32:18'),
(52, '2016-09-11', 0, 'El Noviazgo', '2016-09-11 17:32:18'),
(8, '2016-09-11', 1, 'El Noviazgo', '2016-09-11 17:32:18'),
(9, '2016-09-11', 1, 'El Noviazgo', '2016-09-11 17:32:18'),
(11, '2016-09-11', 1, 'El Noviazgo', '2016-09-11 17:32:18'),
(12, '2016-09-11', 0, 'El Noviazgo', '2016-09-11 17:32:18'),
(13, '2016-09-11', 1, 'El Noviazgo', '2016-09-11 17:32:18'),
(14, '2016-09-11', 1, 'El Noviazgo', '2016-09-11 17:32:18'),
(15, '2016-09-11', 1, 'El Noviazgo', '2016-09-11 17:32:18'),
(45, '2016-09-11', 1, 'El Noviazgo', '2016-09-11 17:32:18'),
(18, '2016-09-11', 0, 'El Noviazgo', '2016-09-11 17:32:18'),
(20, '2016-09-11', 1, 'El Noviazgo', '2016-09-11 17:32:18'),
(62, '2016-09-11', 1, 'El Noviazgo', '2016-09-11 17:32:18'),
(21, '2016-09-11', 1, 'El Noviazgo', '2016-09-11 17:32:18'),
(47, '2016-09-11', 1, 'El Noviazgo', '2016-09-11 17:32:18'),
(22, '2016-09-11', 1, 'El Noviazgo', '2016-09-11 17:32:18'),
(59, '2016-09-11', 1, 'El Noviazgo', '2016-09-11 17:32:18'),
(24, '2016-09-11', 1, 'El Noviazgo', '2016-09-11 17:32:18'),
(48, '2016-09-11', 1, 'El Noviazgo', '2016-09-11 17:32:18'),
(50, '2016-09-17', 1, 'La confesión', '2016-09-18 13:53:30'),
(26, '2016-09-11', 0, 'El Noviazgo', '2016-09-11 17:32:18'),
(58, '2016-09-11', 1, 'El Noviazgo', '2016-09-11 17:32:18'),
(61, '2016-09-11', 1, 'El Noviazgo', '2016-09-11 17:32:18'),
(57, '2016-09-11', 1, 'El Noviazgo', '2016-09-11 17:32:18'),
(30, '2016-09-11', 1, 'El Noviazgo', '2016-09-11 17:32:18'),
(31, '2016-09-11', 0, 'El Noviazgo', '2016-09-11 17:32:18'),
(60, '2016-09-11', 1, 'El Noviazgo', '2016-09-11 17:32:18'),
(32, '2016-09-11', 1, 'El Noviazgo', '2016-09-11 17:32:18'),
(63, '2016-09-11', 1, 'El Noviazgo', '2016-09-11 17:32:18'),
(33, '2016-09-11', 0, 'El Noviazgo', '2016-09-11 17:32:18'),
(34, '2016-09-11', 1, 'El Noviazgo', '2016-09-11 17:32:18'),
(49, '2016-09-11', 1, 'El Noviazgo', '2016-09-11 17:32:18'),
(35, '2016-09-11', 1, 'El Noviazgo', '2016-09-11 17:32:18'),
(36, '2016-09-11', 0, 'El Noviazgo', '2016-09-11 17:32:18'),
(37, '2016-09-11', 1, 'El Noviazgo', '2016-09-11 17:32:18'),
(55, '2016-09-11', 0, 'El Noviazgo', '2016-09-11 17:32:18'),
(51, '2016-09-11', 1, 'El Noviazgo', '2016-09-11 17:32:18'),
(39, '2016-09-11', 1, 'El Noviazgo', '2016-09-11 17:32:18'),
(40, '2016-09-11', 1, 'El Noviazgo', '2016-09-11 17:32:18'),
(41, '2016-09-11', 1, 'El Noviazgo', '2016-09-11 17:32:18'),
(42, '2016-09-11', 1, 'El Noviazgo', '2016-09-11 17:32:18'),
(43, '2016-09-11', 1, 'El Noviazgo', '2016-09-11 17:32:18'),
(17, '2016-09-11', 1, 'El Noviazgo', '2016-09-11 17:32:18'),
(44, '2016-09-11', 0, 'El Noviazgo', '2016-09-11 17:32:18'),
(65, '2016-09-11', 1, 'El Noviazgo', '2016-09-11 18:07:57'),
(54, '2016-09-17', 0, 'La confesión', '2016-09-18 13:53:30'),
(52, '2016-09-17', 1, 'La confesión', '2016-09-18 13:53:30'),
(8, '2016-09-17', 1, 'La confesión', '2016-09-18 13:53:30'),
(9, '2016-09-17', 1, 'La confesión', '2016-09-18 13:53:30'),
(65, '2016-09-17', 1, 'La confesión', '2016-09-18 13:53:30'),
(11, '2016-09-17', 0, 'La confesión', '2016-09-18 13:53:30'),
(12, '2016-09-17', 1, 'La confesión', '2016-09-18 13:53:30'),
(13, '2016-09-17', 1, 'La confesión', '2016-09-18 13:53:30'),
(14, '2016-09-17', 1, 'La confesión', '2016-09-18 13:53:30'),
(15, '2016-09-17', 0, 'La confesión', '2016-09-18 13:53:30'),
(45, '2016-09-17', 1, 'La confesión', '2016-09-18 13:53:30'),
(18, '2016-09-17', 0, 'La confesión', '2016-09-18 13:53:30'),
(20, '2016-09-17', 1, 'La confesión', '2016-09-18 13:53:30'),
(62, '2016-09-17', 1, 'La confesión', '2016-09-18 13:53:30'),
(21, '2016-09-17', 0, 'La confesión', '2016-09-18 13:53:30'),
(47, '2016-09-17', 1, 'La confesión', '2016-09-18 13:53:30'),
(22, '2016-09-17', 1, 'La confesión', '2016-09-18 13:53:30'),
(59, '2016-09-17', 1, 'La confesión', '2016-09-18 13:53:30'),
(24, '2016-09-17', 1, 'La confesión', '2016-09-18 13:53:30'),
(48, '2016-09-17', 1, 'La confesión', '2016-09-18 13:53:30'),
(26, '2016-09-17', 0, 'La confesión', '2016-09-18 13:53:30'),
(58, '2016-09-17', 1, 'La confesión', '2016-09-18 13:53:30'),
(61, '2016-09-17', 1, 'La confesión', '2016-09-18 13:53:30'),
(57, '2016-09-17', 1, 'La confesión', '2016-09-18 13:53:30'),
(30, '2016-09-17', 1, 'La confesión', '2016-09-18 13:53:30'),
(31, '2016-09-17', 0, 'La confesión', '2016-09-18 13:53:30'),
(60, '2016-09-17', 1, 'La confesión', '2016-09-18 13:53:30'),
(32, '2016-09-17', 1, 'La confesión', '2016-09-18 13:53:30'),
(63, '2016-09-17', 1, 'La confesión', '2016-09-18 13:53:30'),
(33, '2016-09-17', 0, 'La confesión', '2016-09-18 13:53:30'),
(34, '2016-09-17', 1, 'La confesión', '2016-09-18 13:53:30'),
(49, '2016-09-17', 1, 'La confesión', '2016-09-18 13:53:30'),
(35, '2016-09-17', 1, 'La confesión', '2016-09-18 13:53:30'),
(36, '2016-09-17', 1, 'La confesión', '2016-09-18 13:53:30'),
(37, '2016-09-17', 1, 'La confesión', '2016-09-18 13:53:30'),
(55, '2016-09-17', 0, 'La confesión', '2016-09-18 13:53:30'),
(51, '2016-09-17', 1, 'La confesión', '2016-09-18 13:53:30'),
(39, '2016-09-17', 1, 'La confesión', '2016-09-18 13:53:30'),
(40, '2016-09-17', 1, 'La confesión', '2016-09-18 13:53:30'),
(41, '2016-09-17', 1, 'La confesión', '2016-09-18 13:53:30'),
(42, '2016-09-17', 1, 'La confesión', '2016-09-18 13:53:30'),
(43, '2016-09-17', 0, 'La confesión', '2016-09-18 13:53:30'),
(17, '2016-09-17', 0, 'La confesión', '2016-09-18 13:53:30'),
(44, '2016-09-17', 0, 'La confesión', '2016-09-18 13:53:30'),
(50, '2016-09-24', 1, 'Amigo secreto', '2016-09-25 02:56:31'),
(1, '2016-09-24', 1, 'Amigo secreto', '2016-09-25 02:56:31'),
(2, '2016-09-24', 1, 'Amigo secreto', '2016-09-25 02:56:31'),
(3, '2016-09-24', 0, 'Amigo secreto', '2016-09-25 02:56:31'),
(46, '2016-09-24', 1, 'Amigo secreto', '2016-09-25 02:56:31'),
(4, '2016-09-24', 1, 'Amigo secreto', '2016-09-25 02:56:31'),
(5, '2016-09-24', 1, 'Amigo secreto', '2016-09-25 02:56:31'),
(64, '2016-09-24', 0, 'Amigo secreto', '2016-09-25 02:56:31'),
(6, '2016-09-24', 1, 'Amigo secreto', '2016-09-25 02:56:31'),
(53, '2016-09-24', 1, 'Amigo secreto', '2016-09-25 02:56:31'),
(54, '2016-09-24', 1, 'Amigo secreto', '2016-09-25 02:56:31'),
(52, '2016-09-24', 1, 'Amigo secreto', '2016-09-25 02:56:31'),
(8, '2016-09-24', 1, 'Amigo secreto', '2016-09-25 02:56:31'),
(9, '2016-09-24', 1, 'Amigo secreto', '2016-09-25 02:56:31'),
(65, '2016-09-24', 1, 'Amigo secreto', '2016-09-25 02:56:31'),
(11, '2016-09-24', 1, 'Amigo secreto', '2016-09-25 02:56:31'),
(12, '2016-09-24', 1, 'Amigo secreto', '2016-09-25 02:56:31'),
(13, '2016-09-24', 1, 'Amigo secreto', '2016-09-25 02:56:31'),
(14, '2016-09-24', 1, 'Amigo secreto', '2016-09-25 02:56:31'),
(15, '2016-09-24', 1, 'Amigo secreto', '2016-09-25 02:56:31'),
(45, '2016-09-24', 1, 'Amigo secreto', '2016-09-25 02:56:31'),
(18, '2016-09-24', 0, 'Amigo secreto', '2016-09-25 02:56:31'),
(20, '2016-09-24', 1, 'Amigo secreto', '2016-09-25 02:56:31'),
(62, '2016-09-24', 1, 'Amigo secreto', '2016-09-25 02:56:31'),
(21, '2016-09-24', 1, 'Amigo secreto', '2016-09-25 02:56:31'),
(47, '2016-09-24', 1, 'Amigo secreto', '2016-09-25 02:56:31'),
(22, '2016-09-24', 1, 'Amigo secreto', '2016-09-25 02:56:31'),
(59, '2016-09-24', 1, 'Amigo secreto', '2016-09-25 02:56:31'),
(24, '2016-09-24', 1, 'Amigo secreto', '2016-09-25 02:56:31'),
(48, '2016-09-24', 1, 'Amigo secreto', '2016-09-25 02:56:31'),
(26, '2016-09-24', 0, 'Amigo secreto', '2016-09-25 02:56:31'),
(58, '2016-09-24', 1, 'Amigo secreto', '2016-09-25 02:56:31'),
(61, '2016-09-24', 1, 'Amigo secreto', '2016-09-25 02:56:31'),
(57, '2016-09-24', 1, 'Amigo secreto', '2016-09-25 02:56:31'),
(30, '2016-09-24', 1, 'Amigo secreto', '2016-09-25 02:56:31'),
(31, '2016-09-24', 0, 'Amigo secreto', '2016-09-25 02:56:31'),
(60, '2016-09-24', 1, 'Amigo secreto', '2016-09-25 02:56:31'),
(32, '2016-09-24', 1, 'Amigo secreto', '2016-09-25 02:56:31'),
(63, '2016-09-24', 1, 'Amigo secreto', '2016-09-25 02:56:31'),
(33, '2016-09-24', 0, 'Amigo secreto', '2016-09-25 02:56:31'),
(34, '2016-09-24', 1, 'Amigo secreto', '2016-09-25 02:56:31'),
(49, '2016-09-24', 1, 'Amigo secreto', '2016-09-25 02:56:31'),
(35, '2016-09-24', 1, 'Amigo secreto', '2016-09-25 02:56:31'),
(36, '2016-09-24', 1, 'Amigo secreto', '2016-09-25 02:56:31'),
(37, '2016-09-24', 1, 'Amigo secreto', '2016-09-25 02:56:31'),
(55, '2016-09-24', 0, 'Amigo secreto', '2016-09-25 02:56:31'),
(51, '2016-09-24', 1, 'Amigo secreto', '2016-09-25 02:56:31'),
(39, '2016-09-24', 1, 'Amigo secreto', '2016-09-25 02:56:31'),
(40, '2016-09-24', 1, 'Amigo secreto', '2016-09-25 02:56:31'),
(41, '2016-09-24', 0, 'Amigo secreto', '2016-09-25 02:56:31'),
(42, '2016-09-24', 1, 'Amigo secreto', '2016-09-25 02:56:31'),
(43, '2016-09-24', 0, 'Amigo secreto', '2016-09-25 02:56:31'),
(17, '2016-09-24', 0, 'Amigo secreto', '2016-09-25 02:56:31'),
(44, '2016-09-24', 0, 'Amigo secreto', '2016-09-25 02:56:31');

-- --------------------------------------------------------

--
-- Estructura de tabla para la tabla `familiar`
--

CREATE TABLE IF NOT EXISTS `familiar` (
  `DOCUMENTO` int(11) NOT NULL AUTO_INCREMENT,
  `IDENTIFICACION_INTEGRANTE` int(11) NOT NULL,
  `NOMBRES` varchar(50) NOT NULL,
  `PRIMER_APELLIDO` varchar(25) NOT NULL,
  `SEGUNDO_APELLIDO` varchar(25) DEFAULT NULL,
  `PARENTESCO` varchar(20) NOT NULL,
  `CELULAR` int(30) NOT NULL,
  `DIRECCION` varchar(50) NOT NULL,
  PRIMARY KEY (`DOCUMENTO`),
  KEY `FK_FAMILIAR` (`IDENTIFICACION_INTEGRANTE`),
  KEY `IDENTIFICACION_INTEGRANTE` (`IDENTIFICACION_INTEGRANTE`)
) ENGINE=MyISAM  DEFAULT CHARSET=utf8 AUTO_INCREMENT=13 ;

--
-- Volcado de datos para la tabla `familiar`
--

INSERT INTO `familiar` (`DOCUMENTO`, `IDENTIFICACION_INTEGRANTE`, `NOMBRES`, `PRIMER_APELLIDO`, `SEGUNDO_APELLIDO`, `PARENTESCO`, `CELULAR`, `DIRECCION`) VALUES
(12, 13, 'Luz Miriam', 'Varon', '', 'Mama', 2147483647, 'MZ 33 CASA 21 PROTECHO B a');

-- --------------------------------------------------------

--
-- Estructura de tabla para la tabla `horarios`
--

CREATE TABLE IF NOT EXISTS `horarios` (
  `ID_INTEGRANTE` int(11) NOT NULL,
  `FECHA` date NOT NULL,
  `HORARIO` varchar(7) NOT NULL,
  `DIA` varchar(20) DEFAULT NULL,
  PRIMARY KEY (`ID_INTEGRANTE`,`FECHA`,`HORARIO`)
) ENGINE=MyISAM DEFAULT CHARSET=utf8;

--
-- Volcado de datos para la tabla `horarios`
--

INSERT INTO `horarios` (`ID_INTEGRANTE`, `FECHA`, `HORARIO`, `DIA`) VALUES
(1, '2016-10-02', '00:00', 'Domingo'),
(68, '2016-10-02', '00:00', 'Domingo'),
(67, '2016-10-02', '00:00', 'Domingo'),
(5, '2016-10-02', '00:00', 'Domingo'),
(9, '2016-10-02', '00:00', 'Domingo'),
(12, '2016-10-02', '11:00AM', 'Domingo'),
(22, '2016-10-02', '00:00', 'Domingo'),
(24, '2016-10-02', '00:00', 'Domingo'),
(32, '2016-10-02', '05:00PM', 'Domingo'),
(34, '2016-10-02', '05:00PM', 'Domingo'),
(49, '2016-10-02', '00:00', 'Domingo'),
(35, '2016-10-02', '08:00AM', 'Domingo'),
(36, '2016-10-02', '00:00', 'Domingo'),
(37, '2016-10-02', '11:00AM', 'Domingo'),
(40, '2016-10-02', '05:00PM', 'Domingo'),
(66, '2016-10-02', '11:00AM', 'Domingo'),
(44, '2016-10-02', '00:00', 'Domingo');

-- --------------------------------------------------------

--
-- Estructura de tabla para la tabla `integrante`
--

CREATE TABLE IF NOT EXISTS `integrante` (
  `DOCUMENTO` int(12) NOT NULL AUTO_INCREMENT,
  `NOMBRES` varchar(25) NOT NULL,
  `PRIMER_APELLIDO` varchar(15) NOT NULL,
  `SEGUNDO_APELLIDO` varchar(15) DEFAULT NULL,
  `GENERO` varchar(2) DEFAULT NULL,
  `FECHA_NACIMIENTO` date NOT NULL,
  `DIRECCION` varchar(50) DEFAULT NULL,
  `CELULAR` varchar(200) DEFAULT NULL,
  `CORREO` varchar(50) DEFAULT NULL,
  `ACOLITO` tinyint(1) DEFAULT NULL,
  `COORDINADOR` tinyint(1) DEFAULT NULL,
  `IMAGEN` longtext,
  `FECHA_INGRESO` date DEFAULT NULL,
  `FECHA_REGISTRO` timestamp NOT NULL DEFAULT CURRENT_TIMESTAMP ON UPDATE CURRENT_TIMESTAMP,
  `ESTADO` varchar(20) NOT NULL DEFAULT 'ASISTENTE',
  PRIMARY KEY (`DOCUMENTO`)
) ENGINE=MyISAM  DEFAULT CHARSET=utf8 AUTO_INCREMENT=69 ;

--
-- Volcado de datos para la tabla `integrante`
--

INSERT INTO `integrante` (`DOCUMENTO`, `NOMBRES`, `PRIMER_APELLIDO`, `SEGUNDO_APELLIDO`, `GENERO`, `FECHA_NACIMIENTO`, `DIRECCION`, `CELULAR`, `CORREO`, `ACOLITO`, `COORDINADOR`, `IMAGEN`, `FECHA_INGRESO`, `FECHA_REGISTRO`, `ESTADO`) VALUES
(1, 'Andres Leonardo ', 'Blandon', '', 'M', '1999-05-21', 'SMZ 6 MZ 12 CASA 2 N/CASTILLA', '3142582371', 'andresleonardo.blandonsanchez.1', 1, 0, '5107Captura.PNG', '2016-01-01', '2016-07-17 19:45:48', 'ASISTENTE'),
(2, 'Anggie Natalia ', 'Amortegui', '', 'F', '2000-05-09', 'MZ L CASA 15 LA CIMA', '3005266552', 'angiie.amortegiie', 0, 0, '355311863477_679681212133147_3084591168974849065_n.jpg', '2016-01-01', '2016-06-21 19:48:25', 'ASISTENTE'),
(3, 'Angie Tatiana ', 'Gonzalez', 'Romero', 'F', '2001-07-06', 'MZ 33 CASA 7 PROTECHO B', '3124333821', 'tataGonzlez', 0, 0, '112513062929_789314097868712_2174203745417511915_o.jpg', '2016-01-01', '2016-09-26 01:55:31', 'INASISTENTE'),
(4, 'Cesar ', 'Augusto', '', 'M', '2000-07-03', 'SMZ 11 MZ 7 CASA 3 N/CASTILLA', '0', '', 0, 0, '563912075072_10204855573937383_7624382963983629073_n.jpg', '2016-01-01', '2016-06-21 19:48:25', 'ASISTENTE'),
(5, 'Cesar Luis  ', 'Ortiz', 'Montoya', 'M', '2001-01-10', 'SMZ 4 MZ 1 CASA 7 N/CASTILLA', '3134322973', 'cesar.ortizmontoya', 1, 0, '192013043392_1011381138949442_117251748371728975_n.jpg', '2016-01-01', '2016-06-21 19:48:25', 'ASISTENTE'),
(6, 'Daniel ', 'Castro', 'Piñeros', 'M', '2000-02-03', 'SMZ 6 MZ 21 CASA 8 N/CASTILLA', '3507077803', 'danielcastro802', 0, 0, '202111140329_10207045898643902_5087078857650326437_n.jpg', '2016-01-01', '2016-07-29 18:07:03', 'ASISTENTE'),
(8, 'Edwin Camilo ', 'Mahecha', 'Calderon', 'M', '1999-09-30', 'SMZ 4 MZ 6 CASA 5 M/CASTILLA', '3214501143', 'camiilo.mahecha', 0, 0, '2907Captura.PNG', '2016-01-01', '2016-09-18 15:00:30', 'ASISTENTE'),
(9, 'Elian Santiago ', 'Cañas', '', 'M', '2001-05-31', 'MZ B CASA 5 VASCONIA RESERVADA', '301 6106209', 'eliansantiago.canas', 1, 0, '311413096241_605912969574280_1337648740416189666_n.jpg', '2016-01-01', '2016-07-29 18:07:23', 'ASISTENTE'),
(11, 'Fredy Estiven ', 'Amaya', 'Herrera', 'M', '1998-10-31', 'SMZ 4 MZ 24 CASA 26 N/CASTILLA', '3115575288', 'frediestiven.amayaherrera', 0, 0, '320310155830_563554523795147_8895595062752566469_n.jpg', '2016-01-01', '2016-06-21 19:48:25', 'ASISTENTE'),
(12, 'Gabriela  ', 'Andrade', 'Trujullo', 'F', '2001-12-31', 'SMZ 3 MZ 6 CASA 10 N/CASTILLA', '3178703915', 'Teamomifabi', 1, 0, '154112042705_955824124506617_8120523767836570100_n.jpg', '2016-01-01', '2016-06-21 19:48:25', 'ASISTENTE'),
(13, 'Hugo Ferney  ', 'Otavo', 'Varon', 'M', '1998-08-31', 'MZ 33 CASA 21 PROTECHO B', '3217518570', 'hugo.otavovaron', 0, 0, '504411282045_1451960505118085_1391260588_n.jpg', '2016-01-01', '2016-06-21 19:48:25', 'ASISTENTE'),
(14, 'Javier  ', 'Tellez', 'Ariza', 'M', '1997-03-02', 'SMZ 10 MZ 7 CASA 10 N/CASTILLA', '3133600136', 'oscarjavier.tellezariza', 0, 0, '32561395327_474047806043092_540120416_n.jpg', '2016-01-01', '2016-06-21 19:48:25', 'ASISTENTE'),
(15, 'Jeimy Tatiana ', 'Estepa', 'Lopez', 'F', '2002-03-13', 'SMZ 25 MZ 27 CASA 7 N/CASTILLA', '314 4303287', 'tatiis.lopez.12', 0, 0, '162312472331_870292919747374_8286352769391476102_n.jpg', '2016-01-01', '2016-07-29 19:59:25', 'ASISTENTE'),
(17, 'Yoana', 'Yara', 'Castaño', 'F', '2003-06-01', 'MZ 3 CASA 28 LA CIMA', '317 2233800', 'yoana.yaracastano.7', 0, 0, '3947Captura.PNG', '2016-01-01', '2016-09-14 13:33:12', 'ASISTENTE'),
(18, 'Jhorjan Stiven ', 'Gonzalez', 'Romero', 'M', '1998-03-07', 'MZ 33 CASA 7 PROTECHO B', '3124333821', 'jhorjanstiven.gonzalezromero', 0, 0, '333410898279_790159027699016_3039617100956764146_n.jpg', '2016-01-01', '2016-09-26 01:55:31', 'INASISTENTE'),
(20, 'Jose Luis  ', 'Andrade', '', 'M', '1999-11-24', 'MZ 27 CASA 8 PROTECHO B', '3142162424', 'joseluis.andrade.587', 0, 0, '342813091914_1081790898529247_2869004238592451395_n.jpg', '2016-01-01', '2016-06-21 19:48:25', 'ASISTENTE'),
(21, 'Juan Daniel ', 'Guzman', '', 'M', '1999-04-07', 'MZ 34 CASA 4 PROTECHO B', '300 3821047', 'daniel.guzman.14418101', 0, 0, '420412328405_251183701890793_1312036996_n.jpg', '2016-01-01', '2016-07-29 18:07:54', 'ASISTENTE'),
(22, 'Julian Esteban ', 'Cano', '', 'M', '2002-04-30', 'SMZ 4 MZ 2 CASA 7 N/CASTILLA', '3144136750', 'profile.php?id=100008294737064', 1, 0, '432513000365_1756738994612575_2251948421856638481_n.jpg', '2016-01-01', '2016-06-21 19:48:25', 'ASISTENTE'),
(24, 'Kervlyn Alexis ', 'Guzman', '', 'M', '2001-12-14', '', '314 4819659', 'kateriine.endo', 1, 0, '455912009683_504741826367688_2586058728641024082_n.jpg', '2016-01-01', '2016-07-29 18:09:34', 'ASISTENTE'),
(26, 'Laura Valentina  ', 'Vargas', 'Morales', 'F', '2001-11-17', 'SMZ 7 MZ 5 CASA 8 N/CASTILLA', '312 5254093', 'lauravalentina.vargasmorales', 0, 0, '485412742806_969879993099763_8946822925882915439_n.jpg', '2016-01-01', '2016-09-18 14:52:56', 'INASISTENTE'),
(30, 'Maicol Steven  ', 'Guzman', '', 'M', '2003-04-30', 'MZ 34 CASA 4 PROTECHO B', '312 5254093', '', 0, 0, '414110917318_567900273346545_5259684330951652483_n.jpg', '2016-01-01', '2016-07-29 18:09:55', 'ASISTENTE'),
(31, 'Maria Camila ', 'Tangarife', '', 'F', '2002-03-31', '', '3124507085', 'camila.cardenas.902266', 0, 0, '402112976674_952557114864038_663085497_n(1).jpg', '2016-01-01', '2016-09-14 13:33:12', 'INASISTENTE'),
(32, 'Maria Paula ', 'Barrios', '', 'F', '2002-07-04', '', '3003218696', 'mariapaula.barriostrilleras.9', 1, 0, '504512417605_1671514893109127_6172349296654209961_n.jpg', '2016-01-01', '2016-10-01 14:05:21', 'ASISTENTE'),
(33, 'Mariam Paola ', 'Betancourt', '', 'F', '2002-08-11', 'MZ 31 CASA 9 PROTECHO B', '321 9928441', 'mariiam.bettancourt', 0, 0, '511312795412_1746105812285448_823808909556973390_n.jpg', '2016-01-01', '2016-07-29 18:10:33', 'INASISTENTE'),
(34, 'Mateo  ', 'Cortes', 'Perez', 'M', '2000-10-31', 'SMZ 4 MZ 5 CASA 6 N/CASTILLA', '2672517', 'profile.php?id=100008943496513', 1, 0, '515312250078_1480965348878234_5132347312022774896_n.jpg', '2016-01-01', '2016-06-21 19:48:25', 'ASISTENTE'),
(35, 'Monica Alejandra ', 'Palacios', '', 'F', '2003-08-26', 'SMZ 26MZ 8 CASA 6 N/CASTILLA', '3015412925', 'monicaalejandra.palacios.6', 1, 0, '530713012634_702940669808484_2522712948787906065_n.jpg', '2016-01-01', '2016-08-26 16:58:43', 'ASISTENTE'),
(36, 'Natalia  ', 'Perez', 'Miranda', 'F', '2000-12-24', '', '3214735595', 'natalia.perezmiranda.5', 1, 0, '385312642687_938254406256935_4224177580001587683_n.jpg', '2016-01-01', '2016-08-28 03:35:28', 'ASISTENTE'),
(37, 'Nicol Dahiana  ', 'Mesa', 'Rengifo', 'F', '2001-11-28', 'SMZ4 MZ 9 CASA 2 N/CASTILLA', '3222193580', 'profile.php?id=100008208193210', 1, 0, '484412345987_1501547096812141_774097098_n.jpg', '2016-01-01', '2016-06-21 19:48:25', 'ASISTENTE'),
(39, 'Sandra Milena  ', 'Ceballos', 'Martinez', 'F', '1998-04-01', 'MZ 31 CASA 9 PROTECHO B', '3112925984', 'samii.martinez.66', 0, 0, '37041599020_164292493961881_726719251_n.jpg', '2016-01-01', '2016-06-21 19:48:25', 'ASISTENTE'),
(40, 'Shirley Dayana ', 'Cruz', '', 'F', '2004-03-26', 'SMZ 4 MZ 5 CASA 4 N/CASTILLA', '2673848', 'shirly.cruz.9231', 1, 0, '230712743629_1671763366411350_1761128106215271829_n.jpg', '2016-01-01', '2016-06-25 22:55:13', 'ASISTENTE'),
(41, 'Tatiana ', 'Mosquera', '', 'F', '2002-07-26', 'MZ B CASA 21 BRISAS DE VASCONIA', '3124265295', '', 0, 0, '5136pp.jpg', '2016-01-01', '2016-08-01 05:25:47', 'ASISTENTE'),
(42, 'Valentina  ', 'Sandoval', 'Sosa', 'F', '2002-01-07', 'MZ 26 CASA 20 PROTECHO B', '304 3281384', 'profile.php?id=100010322284498', 0, 0, '213475592_205781046442637_6733832403705519157_n.jpg', '2016-01-01', '2016-07-29 18:10:07', 'ASISTENTE'),
(43, 'Viviana Mayerly', 'Yara', 'Castaño', 'F', '2000-07-16', 'MZ L CASA 28 LA CIMA 3', '3112013780', 'yerlyviviana.yara', 0, 0, '20585789_1994957837395558_7171291481264152049_n.jpg', '2016-01-01', '2016-09-14 13:33:12', 'ASISTENTE'),
(44, 'Yuliana  ', 'Mosquera', 'Varon', 'F', '2001-07-26', 'MZ 24 CASA 3 PROTECHO B', '3108048927', 'yuliana.romero.777', 1, 0, '374812310566_930288843727129_1494953296721950439_n.jpg', '2016-01-01', '2016-10-05 19:25:44', 'INASISTENTE'),
(45, 'Jhon Freddy ', 'Gonzalez', 'Ducuara', 'M', '2001-12-26', '', '320 2064485', 'profile.php?id=100008986006297', 0, 0, '183011130087_863230430409215_349477948245326008_n.jpg', '2016-01-01', '2016-06-21 19:48:25', 'ASISTENTE'),
(46, 'Catalina ', 'Gonzalez', 'Ducuara', 'F', '2002-11-06', '', '320 2064485', 'natilomej', 0, 0, '133012495167_970380193056162_9198080529780381870_n.jpg', '2016-01-01', '2016-06-21 19:48:25', 'ASISTENTE'),
(47, 'Juan David', 'Varon', 'Rengifo', 'M', '1998-05-18', 'SMZ4 MZ 9 CASA 2 N/CASTILLA', '310 8698788', 'juanda.varon.9', 0, 0, '440113015593_1011787298904799_6980326812170386042_n.jpg', '2016-01-01', '2016-06-21 19:48:25', 'ASISTENTE'),
(48, 'Laura', 'Rubio', 'Rico', 'F', '2000-01-01', '', '', '', 0, 0, '3530pp.jpg', '2016-01-01', '2016-10-06 16:35:30', 'ASISTENTE'),
(49, 'Milton Hernando', 'Otavo', 'Varon', 'M', '1994-11-04', 'MZ 33 CASA 21 PROTECHO B', '3112002546', 'mhotavo', 1, 1, '0409pp.jpg', '2013-06-24', '2016-07-25 23:51:23', 'ASISTENTE'),
(50, 'Anderson David', 'Romero', '', 'M', '2002-04-23', 'MZ 12 CASA 23 PROTECHO B', '3186190149', 'andersondavid.romeroacosta', 0, 0, '232712814741_499539293552357_4468923369777411399_n.jpg', '2016-06-25', '2016-06-25 22:23:27', 'ASISTENTE'),
(51, 'Paula', 'Santa', '', 'F', '2000-02-27', 'SMZ 6 MZ 3 CASA  6 N/CASTILLA', '3115167251', 'pauliita.santa', 0, 0, '363513407316_1082955311762664_8518695332968360428_n.jpg', '2016-06-25', '2016-06-25 22:36:35', 'ASISTENTE'),
(52, 'Danny Fabian', 'Endo', '', 'M', '1994-04-18', 'SAN GELATO CASA 12', '323 2399856', 'dannyfabianendo95', 0, 0, '41091538711_423405824522000_3042095481032841269_n.jpg', '2016-06-25', '2016-07-29 18:07:13', 'ASISTENTE'),
(53, 'Daniel', 'Pinilla', '', 'M', '1997-07-05', 'SMZ 8 MZ 6 CASA 8 N/CASTILLA', '301 6457871​', 'daniel.pinilla.5851', 0, 0, '442213412961_600995880067088_5331437935394550098_n.jpg', '2016-06-25', '2016-07-29 18:10:21', 'ASISTENTE'),
(54, 'Daniel Santiago', 'Beltran', 'Rincon', 'M', '2002-04-17', 'MZ 9 CASA 1 PROTECHO B', '3142694192', 'danielsantiago.beltranrincon', 0, 0, '503412801353_965233860224815_2638944380364308150_n.jpg', '2016-06-25', '2016-07-25 20:28:37', 'ASISTENTE'),
(55, 'Nicol Dayana', 'Plazas ', 'Parra', 'F', '1999-02-01', '', '3124587365', 'dayanita.parra.96', 0, 0, '524812208739_890506891040743_4659284530732698546_n.jpg', '2016-06-25', '2016-08-28 03:35:28', 'INASISTENTE'),
(57, 'Maicol Steven', 'Galicia', '', 'M', '2003-04-22', 'MZ 34 CASA 6 PROTECHO B', '3114989979', 'maicol.galiciaaguirre', 0, 0, '050711252592_853102531439172_854412849011509899_n.jpg', '2016-06-25', '2016-06-25 23:05:07', 'ASISTENTE'),
(58, 'Leidy', 'Cespedes', '', 'F', '2002-03-07', 'MZ S CASA 1 LA CIMA', '3222813766', 'leidy.cespedes.790', 0, 0, '073013466064_504290713100518_7652923296812731527_n.jpg', '2016-06-25', '2016-06-25 23:07:30', 'ASISTENTE'),
(59, 'Katerine', 'Prada', '', 'F', '2000-06-05', 'Mz  D casa 19 C vasconia', ' 322 7660136', '', 0, 0, '3435pp.jpg', '2016-06-25', '2016-10-06 16:34:35', 'ASISTENTE'),
(60, 'Maria Juliana', 'Farfan', '', 'F', '2000-04-09', 'Súper manzana 3 manzana 1 casa 10 Nueva Castilla', '320 3810345', 'yulyfarbu', 0, 0, '193314067474_1193778417310177_6529275072204483411_n.jpg', '2016-07-17', '2016-08-26 20:19:33', 'ASISTENTE'),
(61, 'Lizeth Dayana', 'León', '', 'F', '2000-05-30', 'Mz 12 casa 15 piso 3 protecho 2', '3123198832', 'dayana.leon.37', 0, 0, '5608pp.jpg', '2016-07-17', '2016-09-05 19:51:49', 'ASISTENTE'),
(62, 'Juan Camilo', 'García ', 'Perez ', 'M', '1991-01-26', 'Nueva Castilla Spm 13 mz 1 cs2 ', '3202612775', 'camilo.garcia.566', 0, 0, '015613718738_1094096333994130_1483576692862428280_n.jpg', '2016-07-25', '2016-07-25 20:01:57', 'ASISTENTE'),
(63, 'María Paula ', 'Diaz Calderón ', 'Calderon', 'F', '2002-11-23', 'Manzana e casa 10 vasconia', '3222466352', '100011221459355', 0, 0, '222413332825_234672293583484_4413662336725585237_n.jpg', '2016-08-08', '2016-09-14 13:33:12', 'ASISTENTE'),
(64, 'Dairo David', 'Acevedo', 'Perez', 'M', '1999-03-25', '', '300 3041706', 'dairodavid.acevedoperez', 0, 0, '194813584871_10204962375657553_2051293552133158615_o.jpg', '2016-08-30', '2016-09-05 20:10:46', 'ASISTENTE'),
(65, 'Faber Jeffrey ', 'Padilla ', 'Tapiero', 'M', '2004-02-05', 'Mz 29 Casa 10 Protecho B', '314 2749740', 'faberjeffrey.padillatapiero', 0, 0, '3654pp.jpg', '2016-09-11', '2016-10-06 16:36:54', 'ASISTENTE'),
(66, 'Valentina', 'Peña Vargas', '', 'F', '2005-02-02', 'SP MZ 14 MZ 3 CASA 5 N/CASTILLA', '312 3245528', '', 1, 0, '2905pp.jpg', '2016-09-28', '2016-10-06 16:29:05', 'NO-MEC'),
(67, 'Brisney', 'Mendez', '', 'F', '2016-01-01', '', '310 3120059', '', 1, 0, '284914045755_130653374046178_3509918453286109364_n.jpg', '2016-09-28', '2016-10-06 16:28:49', 'NO-MEC'),
(68, 'Angela Maria ', 'Martinez', '', 'F', '2006-06-12', 'SMZ 1 CASA 17  N/CASTILLA', '3204135295', '', 1, 0, '', '2016-09-28', '2016-09-28 21:26:06', 'NO-MEC');

-- --------------------------------------------------------

--
-- Estructura de tabla para la tabla `logs`
--

CREATE TABLE IF NOT EXISTS `logs` (
  `ID` int(11) NOT NULL AUTO_INCREMENT,
  `IP` varchar(20) NOT NULL,
  `USER` int(11) NOT NULL,
  `FECHA` timestamp NOT NULL DEFAULT CURRENT_TIMESTAMP ON UPDATE CURRENT_TIMESTAMP,
  PRIMARY KEY (`ID`),
  KEY `USER` (`USER`)
) ENGINE=MyISAM  DEFAULT CHARSET=utf8 AUTO_INCREMENT=133 ;

--
-- Volcado de datos para la tabla `logs`
--

INSERT INTO `logs` (`ID`, `IP`, `USER`, `FECHA`) VALUES
(1, '186.87.108.230', 1, '2016-07-07 02:49:51'),
(2, '186.114.253.46', 1, '2016-07-07 05:17:59'),
(3, '186.114.253.46', 1, '2016-07-07 05:19:01'),
(4, '186.114.253.46', 1, '2016-07-07 06:33:04'),
(5, '186.87.108.230', 1, '2016-07-07 17:50:35'),
(6, '186.87.108.230', 1, '2016-07-08 00:12:11'),
(7, '186.87.108.230', 1, '2016-07-08 18:15:47'),
(8, '186.87.108.230', 1, '2016-07-08 18:32:58'),
(9, '186.87.108.230', 1, '2016-07-08 18:32:58'),
(10, '190.253.18.130', 1, '2016-07-09 21:57:06'),
(11, '186.113.224.61', 1, '2016-07-10 21:39:44'),
(12, '186.113.224.61', 1, '2016-07-10 21:42:49'),
(13, '190.253.7.0', 1, '2016-07-11 18:11:19'),
(14, '186.87.108.230', 1, '2016-07-12 20:09:56'),
(15, '186.87.108.230', 1, '2016-07-12 20:09:56'),
(16, '190.253.4.48', 1, '2016-07-15 05:16:33'),
(17, '190.253.4.48', 1, '2016-07-15 05:45:10'),
(18, '190.253.4.48', 1, '2016-07-15 05:57:11'),
(19, '186.87.108.230', 1, '2016-07-16 01:58:05'),
(20, '186.113.229.67', 1, '2016-07-16 06:50:03'),
(21, '186.87.108.230', 1, '2016-07-16 18:23:12'),
(22, '186.113.251.147', 1, '2016-07-17 07:38:44'),
(23, '186.113.251.147', 1, '2016-07-17 07:44:06'),
(24, '190.255.160.251', 1, '2016-07-17 18:53:15'),
(25, '190.255.172.239', 1, '2016-07-18 01:00:27'),
(26, '190.255.172.239', 1, '2016-07-18 05:45:07'),
(27, '190.255.172.239', 1, '2016-07-18 05:49:57'),
(28, '190.68.51.7', 1, '2016-07-19 05:55:34'),
(29, '186.114.244.23', 1, '2016-07-20 19:06:38'),
(30, '186.114.244.23', 1, '2016-07-20 21:26:02'),
(31, '190.242.73.96', 1, '2016-07-20 22:22:22'),
(32, '190.128.111.236', 1, '2016-07-21 20:27:55'),
(33, '190.128.111.236', 1, '2016-07-22 01:45:19'),
(34, '190.255.162.220', 1, '2016-07-22 04:53:51'),
(35, '190.128.111.236', 1, '2016-07-22 20:03:51'),
(36, '190.128.111.236', 1, '2016-07-22 23:31:11'),
(37, '190.128.111.236', 1, '2016-07-22 23:52:22'),
(38, '190.255.162.118', 1, '2016-07-23 03:36:36'),
(39, '190.128.111.236', 1, '2016-07-23 17:36:27'),
(40, '186.115.225.245', 1, '2016-07-24 20:19:41'),
(41, '190.128.111.236', 1, '2016-07-25 19:58:36'),
(42, '190.128.111.236', 2, '2016-07-25 20:34:57'),
(43, '190.128.111.236', 2, '2016-07-25 20:38:57'),
(44, '190.128.111.236', 2, '2016-07-25 20:38:57'),
(45, '190.128.111.236', 1, '2016-07-25 20:39:46'),
(46, '190.128.111.236', 1, '2016-07-25 23:24:59'),
(47, '190.128.111.236', 2, '2016-07-25 23:33:01'),
(48, '190.128.111.236', 1, '2016-07-25 23:37:49'),
(49, '190.253.18.192', 1, '2016-07-26 04:44:02'),
(50, '190.128.111.236', 1, '2016-07-26 18:30:06'),
(51, '190.128.111.236', 1, '2016-07-26 18:30:06'),
(52, '186.115.233.106', 1, '2016-07-27 05:13:42'),
(53, '190.128.111.236', 1, '2016-07-27 20:09:51'),
(54, '190.128.111.236', 1, '2016-07-27 20:23:17'),
(55, '190.128.111.236', 1, '2016-07-28 01:41:21'),
(56, '190.128.111.236', 1, '2016-07-29 18:06:15'),
(57, '186.115.249.82', 1, '2016-08-01 05:21:17'),
(58, '191.71.110.222', 1, '2016-08-02 08:39:41'),
(59, '190.128.111.236', 1, '2016-08-02 16:57:00'),
(60, '190.66.215.255', 1, '2016-08-05 03:47:34'),
(61, '190.253.22.193', 1, '2016-08-06 07:19:43'),
(62, '190.128.111.236', 1, '2016-08-06 18:40:46'),
(63, '190.253.31.42', 1, '2016-08-07 03:35:08'),
(64, '190.253.3.210', 1, '2016-08-07 19:16:37'),
(65, '190.253.3.210', 1, '2016-08-08 00:02:02'),
(66, '190.255.166.238', 1, '2016-08-09 05:00:46'),
(67, '190.128.111.236', 1, '2016-08-11 00:20:14'),
(68, '190.127.141.96', 1, '2016-08-11 02:50:10'),
(69, '186.115.235.75', 1, '2016-08-14 19:01:14'),
(70, '190.128.111.236', 1, '2016-08-16 18:31:05'),
(71, '190.128.111.236', 1, '2016-08-16 23:55:10'),
(72, '190.253.16.225', 1, '2016-08-18 06:46:38'),
(73, '190.128.111.236', 1, '2016-08-18 23:23:07'),
(74, '190.130.96.218', 1, '2016-08-19 02:19:03'),
(75, '186.114.247.111', 1, '2016-08-19 05:33:04'),
(76, '190.128.111.236', 1, '2016-08-20 20:34:10'),
(77, '186.114.247.246', 1, '2016-08-21 00:05:08'),
(78, '190.128.111.236', 1, '2016-08-22 19:32:26'),
(79, '190.128.111.236', 1, '2016-08-23 19:15:09'),
(80, '190.255.168.55', 1, '2016-08-26 06:29:48'),
(81, '190.128.111.236', 1, '2016-08-26 16:58:23'),
(82, '186.114.250.223', 1, '2016-08-27 21:47:12'),
(83, '186.114.250.223', 1, '2016-08-28 03:30:55'),
(84, '190.242.74.17', 1, '2016-08-28 04:19:24'),
(85, '190.128.111.236', 1, '2016-08-30 23:18:23'),
(86, '190.128.111.236', 1, '2016-09-01 01:23:09'),
(87, '190.128.111.236', 1, '2016-09-02 19:23:58'),
(88, '190.128.111.236', 1, '2016-09-03 17:45:09'),
(89, '190.128.111.236', 1, '2016-09-03 19:19:20'),
(90, '190.128.111.236', 1, '2016-09-05 18:50:10'),
(91, '::1', 1, '2016-09-05 19:35:57'),
(92, '190.128.111.236', 1, '2016-09-05 20:24:49'),
(93, '190.253.17.181', 1, '2016-09-09 01:06:07'),
(94, '190.128.111.236', 1, '2016-09-10 13:46:52'),
(95, '190.127.139.144', 1, '2016-09-11 00:18:16'),
(96, '190.242.83.104', 1, '2016-09-11 01:05:43'),
(97, '186.115.235.28', 1, '2016-09-11 17:30:02'),
(98, '186.115.235.28', 1, '2016-09-14 00:19:09'),
(99, '190.128.111.236', 1, '2016-09-14 13:32:39'),
(100, '190.66.220.127', 1, '2016-09-14 18:54:31'),
(101, '190.255.160.192', 1, '2016-09-16 02:14:03'),
(102, '190.255.160.192', 1, '2016-09-16 02:15:16'),
(103, '190.255.160.192', 1, '2016-09-16 02:16:01'),
(104, '190.128.111.236', 1, '2016-09-16 21:15:55'),
(105, '190.128.111.236', 1, '2016-09-17 14:49:52'),
(106, '190.128.111.236', 1, '2016-09-17 16:46:15'),
(107, '190.242.72.50', 1, '2016-09-17 23:39:37'),
(108, '186.113.226.83', 1, '2016-09-18 13:42:42'),
(109, '186.113.226.83', 1, '2016-09-18 14:55:53'),
(110, '190.128.111.236', 1, '2016-09-20 21:06:04'),
(111, '179.32.13.168', 1, '2016-09-22 03:26:28'),
(112, '190.255.162.69', 1, '2016-09-23 02:06:17'),
(113, '161.10.97.39', 1, '2016-09-23 16:11:47'),
(114, '190.130.96.175', 1, '2016-09-25 01:23:28'),
(115, '190.253.26.93', 1, '2016-09-25 02:53:36'),
(116, '190.253.26.93', 1, '2016-09-26 01:55:18'),
(117, '190.128.111.236', 1, '2016-09-28 19:39:15'),
(118, '190.128.111.236', 1, '2016-09-28 21:19:33'),
(119, '190.128.111.236', 1, '2016-09-29 12:53:29'),
(120, '190.128.111.236', 1, '2016-09-29 15:04:32'),
(121, '190.66.236.160', 1, '2016-09-30 03:35:09'),
(122, '190.128.111.236', 1, '2016-09-30 13:19:39'),
(123, '186.118.235.125', 1, '2016-09-30 13:57:51'),
(124, '190.128.111.236', 1, '2016-10-01 13:57:17'),
(125, '186.113.251.20', 1, '2016-10-03 18:01:07'),
(126, '190.128.111.236', 1, '2016-10-03 20:07:17'),
(127, '190.128.111.236', 1, '2016-10-05 15:00:01'),
(128, '190.128.111.236', 1, '2016-10-05 19:24:35'),
(129, '190.128.111.236', 1, '2016-10-06 14:41:24'),
(130, '190.128.111.236', 1, '2016-10-06 15:04:54'),
(131, '190.128.111.236', 1, '2016-10-06 16:18:13'),
(132, '190.128.111.236', 1, '2016-10-06 19:21:43');

-- --------------------------------------------------------

--
-- Estructura de tabla para la tabla `tema`
--

CREATE TABLE IF NOT EXISTS `tema` (
  `ID_TEMA` int(11) NOT NULL AUTO_INCREMENT,
  `TEMA` varchar(50) NOT NULL,
  `DESCRIPCION` text NOT NULL,
  `FECHA` date DEFAULT NULL,
  `USUARIOLOG` bigint(11) NOT NULL,
  `FECHALOG` timestamp NOT NULL DEFAULT CURRENT_TIMESTAMP ON UPDATE CURRENT_TIMESTAMP,
  PRIMARY KEY (`ID_TEMA`),
  KEY `USUARIOLOG` (`USUARIOLOG`)
) ENGINE=MyISAM  DEFAULT CHARSET=utf8 AUTO_INCREMENT=14 ;

--
-- Volcado de datos para la tabla `tema`
--

INSERT INTO `tema` (`ID_TEMA`, `TEMA`, `DESCRIPCION`, `FECHA`, `USUARIOLOG`, `FECHALOG`) VALUES
(1, 'Pentecostes', 'Se reparte el tema entre:\r\n\r\nHugo\r\nSandra\r\nMateo\r\nAndres\r\nPaula\r\n\r\nVideo de pastoral de la salud.\r\n\r\nhttp://www.corazones.org/espiritualidad/espiritu_santo/dones_espiritu.htm#12frutos', '2016-05-14', 1, '2016-09-03 19:48:43'),
(2, 'Bienaventuranzas', 'Dinamicas:\r\n22 el limon\r\n28 obj perdidos\r\n32 reloj despertador\r\n34 sin quemarse los dedos\r\n36 concurso canciones\r\n\r\nMaterial:\r\nSe entregan 9  pliegos de papel a 9 grupos, cada uno va trabajar una bienaventuranza \r\n\r\n1. Dibujo que represente \r\n2. Ejemplos\r\n\r\nhttp://www.laverdadcatolica.org/F33.htm\r\n\r\nOtros:\r\nActividad recoger dinero camisetas\r\nOrganizar quince Angie\r\n Visitas enfermos', '2016-06-25', 1, '2016-06-25 02:13:01'),
(3, 'Cumpleaños Grupo', '1.-> 06:00PM Misa acción de gracias 3 años MEC\r\n     *Ofrendas (camisetas, pan, uvas, biblia, cirio), Moniciones\r\n2. -> 07:00PM  (Enramada) \r\n3. -> Saludo al publico, agradecimientos, entrega camisetas.\r\n4. -> Dinámica padres  (papá dragon)\r\n5.-> Video 2014\r\n7. -> socio dramas\r\n8. -> Video 2015\r\n9. -> Hip-hop\r\n10. -> break dance\r\n11. -> video 2016\r\n12. -> Cena\r\n13. Sesión de fotos \r\n14. Avisos varios (paseo tomorrow, congreso)\r\n   * Desechables\r\n   * Gaseosa\r\n   * Sillas\r\n    \r\n->Presentación Video\r\n->Puesta en escena, representación hip-hop\r\n->Fotos chistosas, y videos\r\n_________________________________________________________________\r\n->Ida a tierra firme (7:00AM)\r\n->Apartar pollos (confirmar asistencia)\r\n-> entrada $ 3.000\r\n->Caminando\r\n->invitar a Papás\r\n\r\n\r\n', '2016-08-20', 1, '2016-08-19 05:58:56'),
(4, 'Visita RCC', 'Taller de oración', '2016-07-02', 1, '2016-07-02 19:01:59'),
(5, 'Advocaciones de la virgen (Virgen del Carmen)', '1.Dinámica: Conociendonos - imprimir \r\n2.Grupos por cada advocacion\r\n3. Explicación:\r\nVirgen Maria: http://www.laverdadcatolica.org/LaVirgenMaria.htm\r\nVirgen Maria Corto: http://www.laverdadcatolica.org/F04.htm\r\nVideo virgen del carmen: https://www.youtube.com/watch?v=ZhfX0mF2Nrw\r\n\r\n4. Oracion: reflexion linea ocupada\r\nhttps://www.youtube.com/watch?v=K6PExPwm06Y', '2016-07-16', 1, '2016-07-15 08:08:46'),
(6, 'Grupo Juvenil', '•	Que es para mí el grupo juvenil\r\n•	Quien es para mí Jesús\r\n•	Que ha hecho Jesús en mi vida\r\n•	Porque estoy aquí\r\n•	Que es el servicio\r\n•	Que es la fe -> obras\r\n•	Como puedo demostrar mi fe\r\n•	Cuáles son mis expectativas de pertenecer al grupo juvenil\r\n•	Cuáles son mis sugerencias para el grupo juvenil\r\n•	Que me gusta del grupo y que no me gusta.\r\n1.	ECLESIÁSTICO 4: 1- 14.  \r\n2.	ECLESIÁSTICO 6: 5- 18.\r\n3.	ECLESIÁSTICO 3: 17- 25.\r\n\r\n•	Reflexión línea ocupada \r\n•	Yo soy el grupo pagina 22 dinámicas 2 \r\n•	Lazarillo pagina 23 dinamicas 2\r\n', '2016-07-23', 1, '2016-08-05 04:45:42'),
(7, 'Pecados Capitales', 'Leer:\r\nhttp://www.laverdadcatolica.org/F36.htm\r\nRisoterapia\r\nhttps://www.youtube.com/watch?v=J0KmSraWm4c\r\nUna dramatización por pecado.\r\n\r\n____________________________________________________________\r\n1. Recoger dinero rifas\r\n2. Avisar cumpleaños grupo, avisar a los padres de familia\r\n3. Organizar decoración\r\n4. hablar con el padre de la misa\r\n5. Recolectar mercado para rifar\r\n', '2016-08-06', 1, '2016-08-06 20:01:00'),
(8, 'La amistad', 'Dinámica a cargo de Camilo Garcia, Hugo Otavo\r\n-> Abrazo musical\r\n\r\nSe forman grupo con papel para expresar lo que opinan:\r\n\r\n-> Verdadero amigo\r\n-> Falso amigo\r\n->  Motivos por los que he perdido amigos \r\n-> Que hacer para preservar un amigo\r\n***Cita bíblica: Eclo. 6  3-17.\r\n\r\n))) Actividad Final (((\r\nCada uno va cortar la hoja que llevo en dos, una parte para escribir una carta a una persona del grupo que consideras tu amiga (Agradecimiento) y otra a una persona que no trates expresándole los motivos por los que no han podido entablar una buena relación (Sin ofensas). \r\n\r\n\r\n\r\nHablar peregrinación. \r\n', '2016-08-27', 1, '2016-08-27 23:09:59'),
(11, 'La confesion', '*******************************************\r\n1. Mímica de pecados (Papelitos->bolsa)  \r\n2. \r\n-Confesión -> Sandra \r\n-Cuando inicio la confesión -> Milton\r\n\r\nDiscusión sobre que tipo de pecado es el del papelito y que mandamiento incumple:\r\n-Pecado Mortal \r\n-Pecado Venial\r\n\r\nPaso para confesarse -> Virtud\r\n3. Oración \r\n\r\nFuente: http://www.laverdadcatolica.org/F15.htm', '2016-09-17', 1, '2016-09-16 03:16:17'),
(10, 'El noviazgo', '1. Dinámica: Hombre vs Mujeres (Debate sobre novio/novia ideal)\r\nPapeles en una bolsa con esos temas.\r\n********************************************************************\r\n2. Amarse a uno mismo, autoestima y autoimagen \r\n3. Conocerse (Familia), confiar, Respetar (ideas, amistades, creencias)\r\n4. Constructivo-> aprender del otro (mente. corazón y acción)\r\n5. Noviazgo o capricho?\r\n6. El amor no se compra, no se vende, no se traiciona, no se abandona\r\n7. Si te aleja de Dios dejal@ ir  (oración y sacramentos)\r\n**********************************************************************\r\n8. Oracion a los novios\r\n9. Papeles amigo secreto \r\n10. Anunciar peregrinación, hasta el 24 inscripciones. Hacer permiso a padres de familia.\r\n11. Actividades:  Venta de tamales con danny, rifar mercado un domingo en las misas a 500. Gomitas\r\n\r\nhttps://www.youtube.com/watch?v=iE5sAnFtUws\r\nhttp://www.laverdadcatolica.org/elnoviazgo.htm\r\n', '2016-09-10', 1, '2016-09-09 03:02:14'),
(12, 'Catequesis adultos- Espiritu Santo', 'http://www.mercaba.org/\r\ncorazones.org', '2016-09-20', 1, '2016-09-23 02:10:33'),
(13, 'Amigo secreto', '1- Dinámica/Juego\r\n2- Entregar regalos-> Decir un animal y una cualidad por la inicial\r\n3-  Oración\r\n\r\nInformación: \r\n***No hay grupo próximo sábado\r\n***27 de Septiembre - Reunión vicario con camiseta\r\n', '2016-09-24', 1, '2016-09-23 02:43:08');

-- --------------------------------------------------------

--
-- Estructura de tabla para la tabla `usuarios`
--

CREATE TABLE IF NOT EXISTS `usuarios` (
  `ID` bigint(255) NOT NULL AUTO_INCREMENT,
  `DOC` int(20) NOT NULL,
  `USER` varchar(30) COLLATE utf8_unicode_ci NOT NULL,
  `PASS` varchar(300) COLLATE utf8_unicode_ci NOT NULL,
  `EMAIL` varchar(40) COLLATE utf8_unicode_ci NOT NULL,
  `ROL` int(1) NOT NULL DEFAULT '0',
  `NOMBRES` varchar(50) COLLATE utf8_unicode_ci NOT NULL,
  `P_APELLIDO` varchar(20) COLLATE utf8_unicode_ci NOT NULL,
  `S_APELLIDO` varchar(20) COLLATE utf8_unicode_ci NOT NULL,
  `GENERO` varchar(1) COLLATE utf8_unicode_ci DEFAULT NULL,
  `FECHA_REGISTRO` date DEFAULT NULL,
  `IMAGEN` text COLLATE utf8_unicode_ci,
  `KEYPASS` varchar(60) COLLATE utf8_unicode_ci DEFAULT NULL,
  `NEWPASS` varchar(60) COLLATE utf8_unicode_ci DEFAULT NULL,
  `ULTIMA_CONEXION` int(32) NOT NULL DEFAULT '0',
  PRIMARY KEY (`ID`)
) ENGINE=MyISAM  DEFAULT CHARSET=utf8 COLLATE=utf8_unicode_ci AUTO_INCREMENT=3 ;

--
-- Volcado de datos para la tabla `usuarios`
--

INSERT INTO `usuarios` (`ID`, `DOC`, `USER`, `PASS`, `EMAIL`, `ROL`, `NOMBRES`, `P_APELLIDO`, `S_APELLIDO`, `GENERO`, `FECHA_REGISTRO`, `IMAGEN`, `KEYPASS`, `NEWPASS`, `ULTIMA_CONEXION`) VALUES
(1, 1110540682, 'admin', 'de9fd5a771a37d06cbf841051c9c8aff', 'milton.otavo@gmail.com', 1, 'MILTON', 'OTAVO', 'VARON', 'M', '2016-07-03', '20401-3254avatar.jpg', '573e5feb61b20121114c322b050f0dfd', '9699F73A', 0),
(2, 123456778, 'sandra', 'de9fd5a771a37d06cbf841051c9c8aff', 'sandra@gmail.com', 1, 'SANDRA', 'CEBALLOS', 'MARTINEZ', 'F', '2016-07-03', '3520pp.jpg', '20401-3254avatar.jpg', '20401-3254avatar.jpg', 0);

/*!40101 SET CHARACTER_SET_CLIENT=@OLD_CHARACTER_SET_CLIENT */;
/*!40101 SET CHARACTER_SET_RESULTS=@OLD_CHARACTER_SET_RESULTS */;
/*!40101 SET COLLATION_CONNECTION=@OLD_COLLATION_CONNECTION */;
